epoch,time,train/box_loss,train/seg_loss,train/cls_loss,train/l1_loss,train/sem_loss,metrics/precision(B),metrics/recall(B),metrics/mAP50(B),metrics/mAP50-95(B),metrics/precision(M),metrics/recall(M),metrics/mAP50(M),metrics/mAP50-95(M),val/box_loss,val/seg_loss,val/cls_loss,val/l1_loss,val/sem_loss,lr/pg0,lr/pg1,lr/pg2
1,120.041,2.50914,5.27945,14.7382,0.04737,5.73762,0.00149,0.0307,0.00304,0.00095,0.001,0.01915,0.00192,0.00058,2.40965,7.76386,7.34004,0.04679,0,0.00032967,0.00032967,0.0673626
2,217.529,2.19937,4.30379,6.36142,0.03682,3.81279,0.27435,0.0451,0.0208,0.00719,0.27411,0.04102,0.01969,0.00763,2.17031,4.34975,5.7511,0.04325,0,0.000661691,0.000661691,0.0343613
3,314.01,2.15747,3.96637,5.41361,0.03601,1.4779,0.41365,0.03401,0.03462,0.01213,0.41191,0.03132,0.03028,0.01172,2.26002,3.78598,5.21685,0.04683,0,0.000992392,0.000992392,0.00135869
4,410.302,2.18856,3.73571,5.06515,0.03724,0.19639,0.46692,0.039,0.05324,0.02148,0.46795,0.03255,0.03961,0.01728,2.22534,3.46071,4.8451,0.04247,0,0.00099406,0.00099406,0.00099406
5,506.172,2.23996,3.61117,4.77669,0.03769,0.14584,0.3836,0.08894,0.07917,0.03362,0.38481,0.09015,0.07307,0.03596,2.11553,3.31356,4.62775,0.04157,0,0.00099208,0.00099208,0.00099208
6,602.053,2.15104,3.548,4.38626,0.03397,0.14246,0.42792,0.10546,0.11219,0.05774,0.42743,0.10444,0.10603,0.05339,1.96815,3.42762,4.43777,0.03736,0,0.0009901,0.0009901,0.0009901
7,698.021,2.17968,3.40915,4.24298,0.03802,0.1376,0.4178,0.13345,0.11977,0.06059,0.40758,0.12234,0.11052,0.05242,2.05794,3.12812,4.18063,0.03955,0,0.00098812,0.00098812,0.00098812
8,794.052,2.1171,3.26957,3.82347,0.03505,0.1358,0.42803,0.15141,0.15343,0.07246,0.42252,0.14381,0.14709,0.06491,2.08632,3.0512,3.91763,0.04271,0,0.00098614,0.00098614,0.00098614
9,889.906,2.03668,3.10019,3.78274,0.03284,0.13456,0.42364,0.20142,0.18157,0.09787,0.41405,0.19339,0.16659,0.07941,2.04033,3.02592,3.64484,0.03765,0,0.00098416,0.00098416,0.00098416
10,985.737,2.04144,3.07563,3.7075,0.03294,0.13056,0.37095,0.19083,0.16619,0.08278,0.36862,0.18366,0.15794,0.07581,2.01586,3.14242,3.72934,0.0373,0,0.00098218,0.00098218,0.00098218
11,1081.29,1.99098,3.14414,3.62394,0.03179,0.12795,0.50787,0.19212,0.17236,0.09459,0.4984,0.17408,0.16223,0.08055,1.9785,3.05948,3.658,0.03603,0,0.0009802,0.0009802,0.0009802
12,1176.61,1.96342,3.09114,3.57262,0.03137,0.13062,0.4362,0.19973,0.18954,0.10159,0.42959,0.19759,0.18676,0.09323,2.05367,2.91973,3.50928,0.0403,0,0.00097822,0.00097822,0.00097822
13,1272.67,1.92514,2.97869,3.33334,0.03082,0.12725,0.42635,0.21055,0.19862,0.10794,0.42213,0.21486,0.18892,0.09641,1.93114,3.01296,3.66696,0.03523,0,0.00097624,0.00097624,0.00097624
14,1368.47,1.92323,2.90812,3.32908,0.03099,0.12583,0.43914,0.20465,0.22125,0.12733,0.43072,0.20404,0.22348,0.10963,1.97802,2.77062,3.24659,0.03545,0,0.00097426,0.00097426,0.00097426
15,1464.42,1.91797,2.81448,3.13539,0.03102,0.11983,0.3794,0.2605,0.23903,0.12929,0.37047,0.25238,0.23031,0.11965,1.92194,2.77217,3.61946,0.03517,0,0.00097228,0.00097228,0.00097228
16,1559.98,1.89613,2.89402,3.16052,0.0289,0.1227,0.48766,0.18677,0.20964,0.12645,0.42263,0.18822,0.20207,0.10963,1.82239,2.73105,3.15658,0.03325,0,0.0009703,0.0009703,0.0009703
17,1655.16,1.86742,2.8174,3.00687,0.02797,0.11879,0.51283,0.24014,0.27517,0.16041,0.51379,0.22793,0.25869,0.14332,1.82032,2.6776,3.05863,0.03217,0,0.00096832,0.00096832,0.00096832
18,1750.93,1.84572,2.74179,2.99407,0.0286,0.11947,0.41375,0.27512,0.29519,0.18015,0.41108,0.27263,0.28156,0.15783,1.83501,2.71261,3.05372,0.03277,0,0.00096634,0.00096634,0.00096634
19,1846.47,1.85249,2.74156,2.91438,0.02823,0.12181,0.49049,0.23187,0.27236,0.15414,0.49064,0.22513,0.25311,0.13491,1.86429,2.70374,3.02969,0.03445,0,0.00096436,0.00096436,0.00096436
20,1941.99,1.81431,2.58944,2.67948,0.02738,0.11268,0.41753,0.26315,0.26686,0.16012,0.40815,0.25584,0.24987,0.1431,1.8272,2.70794,3.08493,0.03275,0,0.00096238,0.00096238,0.00096238
21,2037.24,1.75288,2.60238,2.66236,0.02653,0.11417,0.4977,0.29068,0.2825,0.16358,0.49493,0.28687,0.28118,0.15776,1.87154,2.54805,3.05089,0.0343,0,0.0009604,0.0009604,0.0009604
22,2132.54,1.77415,2.62094,2.6568,0.02675,0.11847,0.64572,0.20048,0.26142,0.15195,0.53533,0.24045,0.23773,0.13225,1.76713,2.63886,2.99927,0.03177,0,0.00095842,0.00095842,0.00095842
23,2227.88,1.75126,2.47435,2.46345,0.02627,0.10962,0.66969,0.25119,0.30906,0.19718,0.61898,0.25565,0.30702,0.17414,1.72513,2.64776,2.85731,0.02887,0,0.00095644,0.00095644,0.00095644
24,2323.56,1.7167,2.57339,2.6491,0.02663,0.10473,0.56784,0.25949,0.31396,0.19301,0.56498,0.25065,0.2998,0.16348,1.72032,2.57331,2.83579,0.02994,0,0.00095446,0.00095446,0.00095446
25,2418.86,1.71414,2.38854,2.48586,0.02528,0.10899,0.51735,0.28214,0.28265,0.18055,0.50862,0.27117,0.26507,0.15747,1.74857,2.52366,2.69473,0.03006,0,0.00095248,0.00095248,0.00095248
26,2513.97,1.72632,2.5254,2.44228,0.02547,0.10553,0.55963,0.26843,0.30752,0.18461,0.60236,0.2691,0.30481,0.17165,1.76093,2.60113,2.76611,0.03002,0,0.0009505,0.0009505,0.0009505
27,2609.09,1.69428,2.50566,2.40441,0.0252,0.10139,0.50687,0.28103,0.30717,0.1812,0.49768,0.27622,0.2991,0.1649,1.75695,2.62753,2.80341,0.03083,0,0.00094852,0.00094852,0.00094852
28,2704.3,1.67136,2.38794,2.27347,0.02514,0.09636,0.50619,0.29717,0.30219,0.19295,0.50137,0.29249,0.29526,0.17201,1.71765,2.41215,2.55864,0.02921,0,0.00094654,0.00094654,0.00094654
29,2799.66,1.672,2.48146,2.36254,0.02506,0.10061,0.55774,0.24722,0.28628,0.17961,0.56706,0.24215,0.27895,0.15852,1.74658,2.53835,2.75821,0.02995,0,0.00094456,0.00094456,0.00094456
30,2894.91,1.61772,2.3834,2.26833,0.02394,0.09726,0.61809,0.27639,0.32702,0.21064,0.65887,0.25657,0.32127,0.18048,1.74404,2.49387,2.65932,0.03121,0,0.00094258,0.00094258,0.00094258
31,2990.52,1.69349,2.32936,2.25857,0.02549,0.09521,0.61842,0.35118,0.35457,0.22244,0.60873,0.33367,0.33696,0.19493,1.76307,2.41106,2.48605,0.03163,0,0.0009406,0.0009406,0.0009406
32,3085.7,1.60965,2.25791,2.10174,0.02448,0.09614,0.62549,0.2696,0.31556,0.19758,0.6198,0.26593,0.31659,0.17769,1.71064,2.45214,2.68614,0.02972,0,0.00093862,0.00093862,0.00093862
33,3180.98,1.63011,2.35186,2.2401,0.02405,0.09891,0.56804,0.29494,0.32931,0.21046,0.55965,0.29391,0.31912,0.18995,1.71915,2.55914,2.61775,0.03037,0,0.00093664,0.00093664,0.00093664
34,3276.07,1.59168,2.1832,2.0488,0.02271,0.09114,0.6277,0.28739,0.32778,0.22146,0.62861,0.28036,0.32658,0.18752,1.69183,2.5969,2.75703,0.02973,0,0.00093466,0.00093466,0.00093466
35,3371.23,1.54409,2.21483,2.11812,0.02274,0.09948,0.59968,0.26957,0.33023,0.20867,0.60476,0.26813,0.32737,0.18428,1.65271,2.43578,2.56861,0.02841,0,0.00093268,0.00093268,0.00093268
36,3466.34,1.59627,2.2496,2.06626,0.02291,0.09338,0.46012,0.29695,0.30295,0.18581,0.41032,0.32273,0.28988,0.16732,1.71946,2.47323,2.46429,0.02969,0,0.0009307,0.0009307,0.0009307
37,3561.58,1.62875,2.18361,1.9328,0.02493,0.09308,0.59326,0.33236,0.35452,0.23175,0.59876,0.33907,0.34964,0.20087,1.66072,2.43957,2.42352,0.02869,0,0.00092872,0.00092872,0.00092872
38,3657.42,1.6424,2.25195,1.90078,0.0228,0.09481,0.57035,0.33974,0.34928,0.22541,0.56176,0.32064,0.3324,0.19996,1.6474,2.41322,2.52451,0.02845,0,0.00092674,0.00092674,0.00092674
39,3752.94,1.58314,2.1773,1.91503,0.02327,0.09592,0.57169,0.26546,0.32281,0.2058,0.57205,0.26475,0.32348,0.19237,1.70534,2.43945,2.67038,0.03052,0,0.00092476,0.00092476,0.00092476
40,3848.37,1.52496,2.08083,1.80989,0.02143,0.08981,0.62101,0.27681,0.34027,0.21829,0.61354,0.27024,0.3435,0.2004,1.68783,2.51069,2.47598,0.02965,0,0.00092278,0.00092278,0.00092278
41,3943.89,1.53384,2.13637,1.95602,0.02209,0.09658,0.47595,0.3419,0.33901,0.21944,0.47285,0.32825,0.32345,0.19312,1.65877,2.50291,2.38959,0.02816,0,0.0009208,0.0009208,0.0009208
42,4038.9,1.55395,2.10731,1.7792,0.02288,0.09532,0.56605,0.34487,0.35615,0.2265,0.56469,0.3463,0.35253,0.21004,1.68544,2.53615,2.45207,0.02873,0,0.00091882,0.00091882,0.00091882
43,4134.4,1.49398,2.07229,1.80027,0.0212,0.09426,0.55955,0.34474,0.38455,0.24028,0.55898,0.33943,0.38027,0.22577,1.6243,2.45922,2.43393,0.02801,0,0.00091684,0.00091684,0.00091684
44,4229.76,1.5255,2.12959,1.73716,0.02042,0.09494,0.49689,0.36859,0.36215,0.22769,0.50761,0.37008,0.35542,0.20541,1.68021,2.45818,2.44829,0.02857,0,0.00091486,0.00091486,0.00091486
45,4324.85,1.4477,2.04993,1.69941,0.02053,0.09109,0.52695,0.32764,0.35924,0.23468,0.53014,0.33023,0.35798,0.2008,1.6492,2.43954,2.44463,0.02771,0,0.00091288,0.00091288,0.00091288
46,4420.04,1.4597,2.06774,1.7821,0.0216,0.09054,0.62954,0.29507,0.37593,0.23281,0.62428,0.28315,0.36692,0.20286,1.6734,2.5085,2.46127,0.02793,0,0.0009109,0.0009109,0.0009109
47,4515.09,1.48909,2.05484,1.77265,0.02058,0.09243,0.49945,0.33091,0.3779,0.23266,0.51545,0.33215,0.37287,0.20918,1.64693,2.52951,2.49605,0.02755,0,0.00090892,0.00090892,0.00090892
48,4610.1,1.48935,1.97028,1.63107,0.02079,0.0908,0.57057,0.3187,0.38842,0.27059,0.56755,0.31343,0.37728,0.2233,1.58022,2.44308,2.29077,0.02698,0,0.00090694,0.00090694,0.00090694
49,4705.38,1.43281,1.92403,1.5644,0.02037,0.08928,0.61125,0.30339,0.39005,0.25815,0.62443,0.30927,0.39872,0.23087,1.68041,2.44927,2.43233,0.02833,0,0.00090496,0.00090496,0.00090496
50,4800.53,1.51133,2.06722,1.79561,0.02136,0.09203,0.54971,0.31375,0.35954,0.23969,0.50852,0.30628,0.34022,0.21012,1.64232,2.41865,2.35988,0.02832,0,0.00090298,0.00090298,0.00090298
51,4895.7,1.42011,1.97457,1.60336,0.02103,0.08903,0.52275,0.39213,0.4145,0.27722,0.50105,0.37875,0.39067,0.23288,1.60157,2.48873,2.3058,0.02603,0,0.000901,0.000901,0.000901
52,4991.73,1.46763,2.01491,1.64831,0.02094,0.09212,0.56153,0.33788,0.36858,0.24328,0.56512,0.33934,0.36373,0.21392,1.62607,2.48278,2.354,0.0272,0,0.00089902,0.00089902,0.00089902
53,5087.27,1.45227,1.95595,1.57681,0.01988,0.08752,0.63386,0.3634,0.415,0.2712,0.63091,0.36325,0.40401,0.23717,1.61686,2.52602,2.33363,0.02679,0,0.00089704,0.00089704,0.00089704
54,5182.82,1.48218,1.98908,1.5892,0.02037,0.09101,0.39327,0.39851,0.3636,0.24005,0.39034,0.39679,0.35997,0.21674,1.61352,2.47318,2.40422,0.02652,0,0.00089506,0.00089506,0.00089506
55,5278.32,1.38607,1.85429,1.48907,0.01959,0.08737,0.49587,0.39488,0.41838,0.2875,0.4657,0.37793,0.38974,0.25247,1.56091,2.52165,2.25628,0.02522,0,0.00089308,0.00089308,0.00089308
56,5373.77,1.41978,1.93533,1.57642,0.0209,0.0882,0.51945,0.39959,0.43492,0.29143,0.51471,0.39771,0.42954,0.25669,1.60186,2.43586,2.24595,0.02678,0,0.0008911,0.0008911,0.0008911
57,5469.37,1.35443,1.85857,1.49608,0.01916,0.0869,0.4635,0.3983,0.40563,0.26927,0.45725,0.38168,0.38265,0.23544,1.61104,2.39126,2.32592,0.02678,0,0.00088912,0.00088912,0.00088912
58,5564.2,1.38636,1.93756,1.53344,0.01955,0.08898,0.69623,0.33032,0.41249,0.27253,0.6873,0.32782,0.40485,0.23568,1.57156,2.4438,2.30842,0.02628,0,0.00088714,0.00088714,0.00088714
59,5659.24,1.34537,1.7453,1.42671,0.01916,0.08793,0.44147,0.41862,0.40936,0.26961,0.43478,0.41356,0.39712,0.22987,1.58724,2.45953,2.34828,0.02673,0,0.00088516,0.00088516,0.00088516
60,5754.19,1.39975,1.87273,1.48218,0.01978,0.08616,0.59668,0.36027,0.42287,0.26936,0.58533,0.361,0.4131,0.23301,1.61409,2.42126,2.46071,0.02747,0,0.00088318,0.00088318,0.00088318
61,5849.48,1.31751,1.75431,1.42358,0.01875,0.09021,0.44198,0.40216,0.4117,0.28062,0.65744,0.29082,0.40445,0.24372,1.56124,2.38878,2.22894,0.02613,0,0.0008812,0.0008812,0.0008812
62,5944.44,1.37527,1.81694,1.38612,0.01879,0.08543,0.48763,0.36368,0.40049,0.26531,0.47517,0.35566,0.38993,0.2222,1.58381,2.51108,2.29532,0.02671,0,0.00087922,0.00087922,0.00087922
63,6039.29,1.3163,1.76001,1.32516,0.0188,0.08649,0.43944,0.38296,0.39072,0.26469,0.44416,0.38105,0.38486,0.24287,1.60277,2.37359,2.27434,0.02713,0,0.00087724,0.00087724,0.00087724
64,6134.53,1.32994,1.83186,1.41487,0.01926,0.08799,0.50725,0.38623,0.43521,0.27672,0.51051,0.37604,0.40463,0.23982,1.60081,2.34434,2.35757,0.02672,0,0.00087526,0.00087526,0.00087526
65,6229.46,1.29055,1.80177,1.36971,0.01776,0.08279,0.5657,0.36544,0.40601,0.26766,0.6513,0.315,0.39734,0.22526,1.57173,2.49742,2.292,0.02605,0,0.00087328,0.00087328,0.00087328
66,6324.42,1.25352,1.72716,1.27758,0.01682,0.08209,0.55974,0.32369,0.37578,0.25247,0.54833,0.31856,0.36057,0.22397,1.54232,2.4242,2.40019,0.02468,0,0.0008713,0.0008713,0.0008713
67,6419.96,1.31709,1.73654,1.34826,0.01764,0.08837,0.5847,0.34361,0.41713,0.27472,0.59432,0.34739,0.41764,0.24773,1.55861,2.3652,2.28209,0.02552,0,0.00086932,0.00086932,0.00086932
68,6515.39,1.27052,1.74652,1.38054,0.01718,0.08249,0.49027,0.40762,0.39122,0.26216,0.48443,0.40255,0.38297,0.23268,1.52676,2.54066,2.22643,0.02514,0,0.00086734,0.00086734,0.00086734
69,6610.77,1.32089,1.74091,1.28338,0.01786,0.08512,0.60473,0.33983,0.37761,0.25498,0.59546,0.33051,0.36324,0.22378,1.54643,2.55553,2.27909,0.02533,0,0.00086536,0.00086536,0.00086536
70,6706.4,1.29955,1.74873,1.29259,0.01862,0.0843,0.56555,0.39604,0.44564,0.30178,0.56336,0.39241,0.44456,0.26675,1.56863,2.52796,2.14411,0.02563,0,0.00086338,0.00086338,0.00086338
71,6802.25,1.34002,1.78692,1.36355,0.01783,0.08659,0.41657,0.44692,0.43917,0.28504,0.41027,0.41175,0.42709,0.25764,1.59041,2.56576,2.15087,0.02609,0,0.0008614,0.0008614,0.0008614
72,6897.72,1.31638,1.78564,1.32799,0.01863,0.08442,0.54497,0.38506,0.41673,0.27833,0.55219,0.39612,0.41122,0.25245,1.55101,2.55705,2.21076,0.02598,0,0.00085942,0.00085942,0.00085942
73,6993.07,1.29651,1.66718,1.29226,0.01757,0.0876,0.47634,0.37052,0.39331,0.24735,0.49473,0.3564,0.36597,0.22115,1.51922,2.6872,2.29676,0.02467,0,0.00085744,0.00085744,0.00085744
74,7088.09,1.29608,1.73961,1.27242,0.01683,0.08261,0.48217,0.38537,0.3878,0.24967,0.47799,0.35704,0.36159,0.22028,1.58196,2.47849,2.44008,0.02597,0,0.00085546,0.00085546,0.00085546
75,7183.52,1.29171,1.78332,1.21602,0.01829,0.083,0.52219,0.37475,0.39952,0.26166,0.51556,0.34642,0.36722,0.2292,1.5665,2.41691,2.30804,0.02564,0,0.00085348,0.00085348,0.00085348
76,7278.49,1.31935,1.74996,1.29082,0.01836,0.08297,0.58569,0.38412,0.44031,0.28446,0.58494,0.3702,0.41315,0.24911,1.54245,2.4798,2.26446,0.02451,0,0.0008515,0.0008515,0.0008515
77,7373.57,1.25234,1.66104,1.139,0.01734,0.07962,0.46399,0.37855,0.43094,0.28597,0.45199,0.37037,0.41989,0.25505,1.58806,2.64202,2.24409,0.02611,0,0.00084952,0.00084952,0.00084952
78,7468.68,1.30361,1.65505,1.17001,0.01783,0.07792,0.48195,0.37075,0.3952,0.26653,0.47343,0.36389,0.38181,0.23074,1.54415,2.54088,2.21492,0.02547,0,0.00084754,0.00084754,0.00084754
79,7563.95,1.24478,1.67223,1.13435,0.01642,0.07552,0.49122,0.34924,0.42483,0.281,0.67206,0.28861,0.39627,0.23589,1.53723,2.47126,2.17498,0.02497,0,0.00084556,0.00084556,0.00084556
80,7658.96,1.24225,1.56947,1.12126,0.01778,0.07867,0.6089,0.3543,0.41895,0.28449,0.59792,0.3473,0.39968,0.23054,1.51671,2.50556,2.21504,0.02483,0,0.00084358,0.00084358,0.00084358
81,7754.13,1.27635,1.69933,1.19992,0.01717,0.07679,0.49682,0.378,0.4235,0.27692,0.4977,0.3658,0.40856,0.24328,1.55442,2.42384,2.31267,0.02553,0,0.0008416,0.0008416,0.0008416
82,7849.17,1.26516,1.59154,1.1321,0.01688,0.08225,0.54954,0.37394,0.44893,0.30812,0.54312,0.3684,0.43963,0.25525,1.59784,2.50029,2.26345,0.02731,0,0.00083962,0.00083962,0.00083962
83,7944.11,1.21214,1.55997,1.12941,0.01646,0.07454,0.6028,0.31199,0.39944,0.27666,0.59501,0.30689,0.38604,0.24522,1.5384,2.56649,2.29153,0.02508,0,0.00083764,0.00083764,0.00083764
84,8039.37,1.19459,1.57601,1.11559,0.01574,0.07649,0.57125,0.34655,0.42903,0.28831,0.56732,0.34527,0.42042,0.24853,1.49823,2.57318,2.23402,0.02411,0,0.00083566,0.00083566,0.00083566
85,8134.29,1.25634,1.57426,1.16353,0.01644,0.07846,0.55388,0.38318,0.43357,0.28723,0.51815,0.38323,0.42163,0.26454,1.57832,2.62912,2.10954,0.02576,0,0.00083368,0.00083368,0.00083368
86,8229.41,1.24707,1.60499,1.13687,0.01603,0.07902,0.58876,0.34593,0.42862,0.2794,0.58062,0.35195,0.417,0.24759,1.48182,2.45566,2.09179,0.02343,0,0.0008317,0.0008317,0.0008317
87,8324.61,1.2009,1.53854,1.0351,0.01574,0.07198,0.61588,0.31786,0.40069,0.27101,0.60899,0.32035,0.39422,0.24182,1.52089,2.61461,2.23395,0.02455,0,0.00082972,0.00082972,0.00082972
88,8419.74,1.19144,1.5427,1.09601,0.01625,0.07919,0.55931,0.36164,0.38883,0.26835,0.55675,0.36144,0.38623,0.2385,1.52988,2.59291,2.33059,0.02453,0,0.00082774,0.00082774,0.00082774
89,8514.89,1.18025,1.66763,1.16401,0.01638,0.07442,0.55593,0.38409,0.41539,0.29044,0.66826,0.30661,0.40069,0.25491,1.46679,2.51776,2.20392,0.02336,0,0.00082576,0.00082576,0.00082576
90,8610.17,1.18116,1.54105,1.10064,0.01561,0.07234,0.63312,0.33504,0.44082,0.2991,0.62114,0.3287,0.42272,0.26107,1.53722,2.52884,2.22163,0.02525,0,0.00082378,0.00082378,0.00082378
91,8705.36,1.18139,1.55354,1.06627,0.01615,0.07517,0.55471,0.36224,0.3799,0.27553,0.63036,0.32483,0.37049,0.23847,1.46102,2.52479,2.28801,0.02306,0,0.0008218,0.0008218,0.0008218
92,8800.5,1.14446,1.5731,1.0415,0.01474,0.07861,0.44415,0.36432,0.36948,0.26039,0.45586,0.34148,0.34427,0.21963,1.47309,2.5428,2.16939,0.0234,0,0.00081982,0.00081982,0.00081982
93,8895.56,1.18025,1.53354,1.01609,0.01524,0.07717,0.45506,0.41563,0.42299,0.28899,0.58324,0.33031,0.40543,0.25333,1.4888,2.52253,2.22157,0.02411,0,0.00081784,0.00081784,0.00081784
94,8990.83,1.20408,1.50452,1.04033,0.01559,0.0711,0.40797,0.39363,0.42446,0.28797,0.42495,0.37413,0.40103,0.25015,1.48988,2.53109,2.15498,0.02362,0,0.00081586,0.00081586,0.00081586
95,9085.97,1.15252,1.43946,1.01632,0.01597,0.06976,0.53695,0.3492,0.42795,0.28156,0.53525,0.34445,0.40261,0.23096,1.53818,2.47004,2.28543,0.02464,0,0.00081388,0.00081388,0.00081388
96,9181.03,1.1393,1.43323,1.01109,0.01566,0.07175,0.48072,0.40505,0.45907,0.31762,0.47417,0.39907,0.44764,0.27769,1.47369,2.69822,2.13561,0.02371,0,0.0008119,0.0008119,0.0008119
97,9276.59,1.15362,1.50161,1.06549,0.01545,0.07401,0.45412,0.41339,0.43213,0.28348,0.52086,0.36529,0.39911,0.24084,1.49016,2.6873,2.19908,0.02382,0,0.00080992,0.00080992,0.00080992
98,9371.52,1.13782,1.4286,0.93019,0.01473,0.06932,0.49789,0.41108,0.43309,0.28728,0.44146,0.38249,0.38286,0.24689,1.48726,2.64441,2.24602,0.02391,0,0.00080794,0.00080794,0.00080794
99,9466.66,1.0886,1.40146,0.90878,0.01532,0.06525,0.5266,0.35963,0.39894,0.27606,0.50185,0.36393,0.37729,0.23981,1.48556,2.79075,2.18425,0.02341,0,0.00080596,0.00080596,0.00080596
100,9561.52,1.11319,1.44584,0.91065,0.01473,0.07153,0.59632,0.38282,0.43852,0.29586,0.62737,0.35682,0.42339,0.26472,1.51885,2.61406,2.16771,0.02432,0,0.00080398,0.00080398,0.00080398
101,9656.47,1.11906,1.42386,0.92591,0.01513,0.07074,0.65694,0.35242,0.42472,0.28925,0.65349,0.3475,0.41234,0.26115,1.50066,2.70072,2.24947,0.02307,0,0.000802,0.000802,0.000802
102,9751.52,1.186,1.44964,0.96772,0.0157,0.07103,0.64599,0.359,0.43311,0.3035,0.63525,0.35147,0.42059,0.26572,1.48756,2.64861,2.17731,0.02329,0,0.00080002,0.00080002,0.00080002
103,9846.53,1.18141,1.42527,0.93954,0.01568,0.06942,0.60246,0.34632,0.43672,0.30018,0.72442,0.32768,0.42888,0.26567,1.51816,2.51005,2.26653,0.02407,0,0.00079804,0.00079804,0.00079804
104,9941.78,1.11007,1.43452,0.90666,0.01525,0.06803,0.63806,0.318,0.38862,0.26094,0.62701,0.30998,0.37425,0.22844,1.48428,2.61839,2.17149,0.02386,0,0.00079606,0.00079606,0.00079606
105,10036.8,1.09762,1.50387,0.90922,0.01532,0.06726,0.54349,0.35218,0.39343,0.27891,0.5561,0.35608,0.39839,0.24728,1.42876,2.53945,2.12513,0.02315,0,0.00079408,0.00079408,0.00079408
106,10131.7,1.11379,1.41509,0.95051,0.01501,0.07459,0.59004,0.36802,0.42728,0.29802,0.58123,0.36062,0.40322,0.25009,1.46894,2.62986,2.16938,0.02393,0,0.0007921,0.0007921,0.0007921
107,10226.8,1.05766,1.43815,0.89684,0.01421,0.07129,0.52731,0.40146,0.44399,0.30616,0.5214,0.39684,0.42616,0.27352,1.4465,2.54617,2.21874,0.0239,0,0.00079012,0.00079012,0.00079012
108,10321.7,1.06823,1.35222,0.82224,0.01511,0.06505,0.62091,0.39393,0.43456,0.30164,0.6135,0.38889,0.42564,0.25979,1.49391,2.55207,2.19157,0.02444,0,0.00078814,0.00078814,0.00078814
109,10416.4,1.11028,1.44434,1.00474,0.01442,0.07188,0.58138,0.39803,0.42027,0.2943,0.57055,0.38858,0.3969,0.25755,1.48326,2.57423,2.19079,0.02407,0,0.00078616,0.00078616,0.00078616
110,10511.1,1.08912,1.36802,0.82333,0.01413,0.06949,0.60469,0.39105,0.44934,0.31134,0.59707,0.38512,0.43397,0.273,1.46694,2.61627,2.16346,0.02326,0,0.00078418,0.00078418,0.00078418
111,10606.2,1.08431,1.34448,0.8772,0.01424,0.06725,0.49926,0.38632,0.39228,0.27272,0.46712,0.35687,0.36439,0.22498,1.44944,2.76037,2.2626,0.02346,0,0.0007822,0.0007822,0.0007822
112,10701.3,1.07024,1.39514,0.89006,0.0148,0.06726,0.50552,0.38379,0.40468,0.27805,0.50015,0.37672,0.38799,0.23649,1.44134,2.59803,2.25379,0.02277,0,0.00078022,0.00078022,0.00078022
113,10796.8,1.07789,1.3827,0.89504,0.01413,0.06456,0.60764,0.36462,0.43377,0.29042,0.6029,0.35807,0.42137,0.25724,1.48324,2.57393,2.15967,0.02415,0,0.00077824,0.00077824,0.00077824
114,10892.1,1.06834,1.30875,0.89207,0.01395,0.0663,0.57844,0.38517,0.41893,0.29601,0.57313,0.38158,0.40725,0.26068,1.49585,2.60852,2.3398,0.02406,0,0.00077626,0.00077626,0.00077626
115,10987.7,1.08269,1.37354,0.85225,0.01439,0.06387,0.56198,0.33641,0.41844,0.28989,0.55119,0.32644,0.3999,0.25491,1.47232,2.78707,2.28129,0.02313,0,0.00077428,0.00077428,0.00077428
116,11083,1.06225,1.339,0.8426,0.01304,0.06781,0.61493,0.35525,0.42834,0.28295,0.60937,0.35034,0.40975,0.2497,1.51918,2.72228,2.21236,0.0238,0,0.0007723,0.0007723,0.0007723
117,11178.2,1.08118,1.43909,0.94018,0.01322,0.06825,0.5425,0.35733,0.37977,0.2523,0.53059,0.34939,0.35066,0.21656,1.51016,2.6088,2.22934,0.02408,0,0.00077032,0.00077032,0.00077032
118,11273.5,1.03605,1.32792,0.8281,0.01377,0.06352,0.57474,0.38957,0.44159,0.30373,0.55012,0.36791,0.4057,0.24784,1.49749,2.70755,2.24346,0.02435,0,0.00076834,0.00076834,0.00076834
119,11368.4,1.07967,1.39166,0.88955,0.0135,0.06811,0.51563,0.38828,0.39866,0.27475,0.50233,0.36701,0.37566,0.24566,1.45543,2.71523,2.23415,0.02307,0,0.00076636,0.00076636,0.00076636
120,11463.7,1.01159,1.26331,0.75549,0.01357,0.05994,0.59162,0.39144,0.41823,0.27646,0.57401,0.37056,0.379,0.24561,1.47537,2.71834,2.22761,0.02321,0,0.00076438,0.00076438,0.00076438
121,11558.6,1.07529,1.34137,0.86428,0.0134,0.06642,0.45817,0.40717,0.41317,0.28856,0.45261,0.40318,0.39537,0.24555,1.45551,2.55917,2.23171,0.02324,0,0.0007624,0.0007624,0.0007624
122,11653.6,1.01818,1.31252,0.79432,0.01326,0.0666,0.52872,0.38849,0.44763,0.3168,0.51683,0.37402,0.41397,0.2602,1.46657,2.44764,2.24871,0.0234,0,0.00076042,0.00076042,0.00076042
123,11748.6,1.0063,1.25028,0.73145,0.01329,0.06275,0.58844,0.35408,0.44149,0.30295,0.58002,0.35006,0.42336,0.26694,1.4754,2.72143,2.26402,0.02291,0,0.00075844,0.00075844,0.00075844
124,11843.8,1.00249,1.29215,0.81251,0.01322,0.05938,0.50663,0.38379,0.41138,0.2972,0.49602,0.37586,0.39824,0.24599,1.47018,2.78519,2.27802,0.02276,0,0.00075646,0.00075646,0.00075646
125,11938.9,1.0134,1.24013,0.7951,0.01276,0.06777,0.52962,0.37628,0.43207,0.29747,0.52,0.37147,0.418,0.25843,1.50734,2.63762,2.30157,0.02385,0,0.00075448,0.00075448,0.00075448
126,12034.1,0.99672,1.26185,0.76346,0.01288,0.0624,0.47928,0.41512,0.42516,0.3034,0.47084,0.44045,0.42123,0.26944,1.48802,2.50624,2.17037,0.0239,0,0.0007525,0.0007525,0.0007525
127,12129,0.98648,1.23413,0.73035,0.0128,0.05992,0.59421,0.34436,0.41493,0.29176,0.58933,0.34513,0.40258,0.25809,1.46497,2.67233,2.17788,0.02296,0,0.00075052,0.00075052,0.00075052
128,12223.8,0.99411,1.23025,0.72469,0.01315,0.06246,0.54587,0.38508,0.46134,0.31623,0.53636,0.37612,0.43873,0.26858,1.52028,2.57997,2.23509,0.02448,0,0.00074854,0.00074854,0.00074854
129,12318.9,1.01954,1.22201,0.71383,0.01327,0.06033,0.58588,0.34987,0.42461,0.29646,0.56886,0.34218,0.40304,0.25534,1.46931,2.54345,2.36942,0.02361,0,0.00074656,0.00074656,0.00074656
130,12413.5,0.98856,1.24116,0.77444,0.01289,0.06173,0.56342,0.35046,0.39684,0.27308,0.5612,0.34567,0.38655,0.24074,1.46062,2.72992,2.33874,0.02321,0,0.00074458,0.00074458,0.00074458
131,12508.3,1.01391,1.29783,0.82808,0.01225,0.06398,0.57485,0.34587,0.40002,0.2716,0.56402,0.33745,0.38085,0.23165,1.45122,2.62887,2.19032,0.02288,0,0.0007426,0.0007426,0.0007426
132,12603,1.02738,1.32508,0.83699,0.01327,0.06426,0.59328,0.34786,0.43485,0.29766,0.58906,0.3461,0.42248,0.26309,1.4481,2.6862,2.21575,0.02254,0,0.00074062,0.00074062,0.00074062
133,12698.1,1.00776,1.23381,0.76841,0.01295,0.06042,0.56682,0.37308,0.42977,0.29328,0.56252,0.37103,0.41536,0.24787,1.49289,2.68507,2.20718,0.02386,0,0.00073864,0.00073864,0.00073864
134,12792.8,0.9937,1.21335,0.73754,0.0128,0.06372,0.67389,0.3324,0.39748,0.27921,0.50718,0.37323,0.38148,0.24594,1.47812,2.74517,2.2351,0.02374,0,0.00073666,0.00073666,0.00073666
135,12887.7,1.00879,1.31575,0.79796,0.01288,0.06816,0.54795,0.40065,0.39931,0.26848,0.49139,0.40494,0.38892,0.23389,1.49604,2.76963,2.24924,0.02425,0,0.00073468,0.00073468,0.00073468
136,12982.7,0.97471,1.25242,0.79224,0.01261,0.05844,0.5659,0.34517,0.37582,0.25747,0.55186,0.34267,0.35749,0.21458,1.49459,2.73187,2.28671,0.02412,0,0.0007327,0.0007327,0.0007327
137,13077.6,0.98746,1.23583,0.75375,0.01187,0.0556,0.46178,0.39213,0.39473,0.2658,0.45377,0.38097,0.37544,0.2325,1.48313,2.70817,2.17508,0.02375,0,0.00073072,0.00073072,0.00073072
138,13172.4,0.96535,1.22648,0.73595,0.01262,0.05736,0.64637,0.35264,0.43935,0.29645,0.63556,0.34796,0.41776,0.26213,1.48587,2.73793,2.35121,0.02433,0,0.00072874,0.00072874,0.00072874
139,13267,0.95256,1.2243,0.76433,0.01258,0.05957,0.50137,0.44066,0.42883,0.275,0.49446,0.43473,0.41813,0.23641,1.491,2.91955,2.35938,0.02453,0,0.00072676,0.00072676,0.00072676
140,13362.1,0.97716,1.25116,0.83626,0.01266,0.06376,0.51862,0.40638,0.43283,0.29016,0.54298,0.39672,0.4219,0.26105,1.45376,2.73556,2.35332,0.02307,0,0.00072478,0.00072478,0.00072478
141,13456.7,0.96593,1.16933,0.71527,0.01235,0.05787,0.5682,0.41781,0.4293,0.29807,0.55532,0.41339,0.41023,0.2651,1.45749,2.74573,2.24587,0.02359,0,0.0007228,0.0007228,0.0007228
142,13551.6,0.97965,1.16652,0.73446,0.01243,0.05909,0.50573,0.3949,0.41552,0.29407,0.5052,0.37394,0.39632,0.25456,1.45684,2.63157,2.14022,0.02334,0,0.00072082,0.00072082,0.00072082
143,13646.5,0.96674,1.21199,0.7645,0.01283,0.05802,0.49488,0.39437,0.44553,0.30639,0.48445,0.38763,0.43008,0.27669,1.45077,2.68155,2.22993,0.02247,0,0.00071884,0.00071884,0.00071884
144,13741.3,0.96177,1.16893,0.7042,0.01275,0.05779,0.64391,0.38165,0.43185,0.30451,0.6232,0.37235,0.41929,0.26353,1.41802,2.78869,2.18995,0.02165,0,0.00071686,0.00071686,0.00071686
145,13836.3,0.98195,1.22658,0.78128,0.0122,0.06428,0.59553,0.3894,0.45507,0.31584,0.59186,0.38788,0.44822,0.27447,1.48269,2.79658,2.20328,0.02343,0,0.00071488,0.00071488,0.00071488
146,13930.9,0.94392,1.17883,0.7338,0.01195,0.05726,0.65027,0.35167,0.43273,0.30867,0.63655,0.34407,0.41507,0.27218,1.50632,3.02084,2.34896,0.0236,0,0.0007129,0.0007129,0.0007129
147,14025.6,0.92404,1.16933,0.72774,0.0121,0.05695,0.57688,0.38139,0.41629,0.29627,0.57152,0.37587,0.39701,0.25738,1.48229,2.84125,2.21124,0.02339,0,0.00071092,0.00071092,0.00071092
148,14120.4,0.95734,1.20873,0.70479,0.01182,0.05839,0.54274,0.39391,0.44436,0.30563,0.53886,0.392,0.43901,0.26952,1.42743,2.82483,2.25294,0.02258,0,0.00070894,0.00070894,0.00070894
149,14215.1,0.93611,1.15437,0.71426,0.01226,0.05874,0.52812,0.38707,0.44265,0.30028,0.52564,0.3791,0.42746,0.26257,1.47334,2.93851,2.21854,0.02319,0,0.00070696,0.00070696,0.00070696
150,14309.9,0.97007,1.14857,0.67635,0.01208,0.05859,0.54505,0.3803,0.4319,0.29802,0.56147,0.38049,0.41781,0.26533,1.49631,2.85281,2.31763,0.02375,0,0.00070498,0.00070498,0.00070498
151,14404.4,1.01683,1.31136,0.79702,0.01168,0.06025,0.6351,0.36558,0.43538,0.30679,0.63076,0.36173,0.42701,0.26359,1.4593,2.8913,2.18745,0.0228,0,0.000703,0.000703,0.000703
152,14499.4,0.97454,1.19426,0.69908,0.01214,0.05675,0.59009,0.35648,0.40361,0.28412,0.58815,0.35484,0.39662,0.25197,1.45102,2.75503,2.34759,0.02276,0,0.00070102,0.00070102,0.00070102
153,14594,0.91966,1.1262,0.68282,0.01173,0.0591,0.49154,0.38503,0.40156,0.28878,0.48427,0.37567,0.39008,0.24888,1.48551,2.76435,2.34045,0.02311,0,0.00069904,0.00069904,0.00069904
154,14688.8,0.9517,1.22232,0.74569,0.01189,0.05717,0.48174,0.39303,0.42234,0.28809,0.49722,0.3788,0.40069,0.24857,1.46744,2.7633,2.21445,0.02336,0,0.00069706,0.00069706,0.00069706
155,14783.4,0.91168,1.11282,0.67317,0.01219,0.05335,0.64499,0.36355,0.40521,0.2898,0.65891,0.36142,0.40013,0.25503,1.44106,2.68002,2.22156,0.02265,0,0.00069508,0.00069508,0.00069508
156,14878.5,0.91386,1.1342,0.69293,0.01213,0.05552,0.54758,0.38697,0.43767,0.30687,0.54491,0.38353,0.42468,0.27049,1.47255,2.67224,2.23518,0.02315,0,0.0006931,0.0006931,0.0006931
157,14973.2,0.91412,1.07792,0.66759,0.01167,0.05387,0.64308,0.34831,0.43191,0.29732,0.63906,0.34554,0.41502,0.26448,1.4663,2.67847,2.2104,0.02309,0,0.00069112,0.00069112,0.00069112
158,15067.9,0.91575,1.20133,0.65359,0.01174,0.05485,0.5815,0.38362,0.39824,0.27974,0.57896,0.38297,0.38651,0.24936,1.48346,2.84069,2.35063,0.02392,0,0.00068914,0.00068914,0.00068914
159,15162.7,0.9275,1.20793,0.72023,0.01147,0.05639,0.60991,0.34746,0.392,0.27155,0.55171,0.37126,0.38576,0.24219,1.49405,2.76592,2.30059,0.0241,0,0.00068716,0.00068716,0.00068716
160,15257.5,0.93232,1.10248,0.66851,0.01228,0.05441,0.47173,0.39662,0.43333,0.28937,0.46669,0.39237,0.42535,0.25563,1.47332,2.8698,2.37838,0.02351,0,0.00068518,0.00068518,0.00068518
161,15351.9,0.92629,1.19857,0.68778,0.01165,0.05502,0.4894,0.37794,0.40887,0.27477,0.48419,0.37371,0.40001,0.24659,1.47912,2.71178,2.4043,0.02362,0,0.0006832,0.0006832,0.0006832
162,15446.5,0.92249,1.17947,0.7774,0.01176,0.05828,0.49842,0.44526,0.44169,0.29838,0.49448,0.44144,0.42987,0.25798,1.46508,2.60787,2.23442,0.02364,0,0.00068122,0.00068122,0.00068122
163,15540.9,0.94744,1.15035,0.7025,0.01213,0.05519,0.49226,0.41215,0.43774,0.30525,0.53062,0.40524,0.43609,0.26054,1.4306,2.67468,2.28228,0.02278,0,0.00067924,0.00067924,0.00067924
164,15635.7,0.89607,1.08809,0.67302,0.01212,0.05403,0.55529,0.35035,0.41506,0.29249,0.56002,0.35169,0.41083,0.2611,1.46071,2.68883,2.30333,0.02307,0,0.00067726,0.00067726,0.00067726
165,15730.2,0.94489,1.17831,0.71114,0.01161,0.05984,0.47802,0.39959,0.41023,0.29156,0.48324,0.40688,0.41049,0.25472,1.44784,2.7608,2.32986,0.02309,0,0.00067528,0.00067528,0.00067528
166,15824.9,0.90638,1.0956,0.65351,0.01144,0.05411,0.49529,0.44645,0.46105,0.30529,0.48629,0.43319,0.44203,0.26304,1.4969,2.73461,2.26767,0.02383,0,0.0006733,0.0006733,0.0006733
167,15919.4,0.91033,1.09659,0.66824,0.01142,0.05223,0.41912,0.46336,0.45312,0.31992,0.40965,0.4769,0.44469,0.28182,1.44375,2.70344,2.24187,0.02262,0,0.00067132,0.00067132,0.00067132
168,16014.2,0.9058,1.09904,0.62604,0.01109,0.05475,0.67851,0.34317,0.44389,0.31277,0.68772,0.3453,0.43803,0.27139,1.45144,2.78012,2.22831,0.02271,0,0.00066934,0.00066934,0.00066934
169,16108.9,0.89001,1.04118,0.63436,0.01123,0.04988,0.51078,0.38651,0.40256,0.27731,0.50557,0.38291,0.38572,0.2445,1.46071,2.84219,2.26314,0.02277,0,0.00066736,0.00066736,0.00066736
170,16203.6,0.88921,1.09542,0.65497,0.01149,0.05129,0.53085,0.42298,0.41939,0.28824,0.52628,0.40726,0.39923,0.2518,1.43001,2.71554,2.25536,0.02207,0,0.00066538,0.00066538,0.00066538
171,16298.3,0.86576,1.06607,0.64104,0.01063,0.05469,0.50301,0.37928,0.41366,0.29409,0.49617,0.3751,0.40461,0.25768,1.41542,2.77727,2.21836,0.0216,0,0.0006634,0.0006634,0.0006634
172,16393.3,0.87342,1.1057,0.61936,0.01087,0.05274,0.50093,0.38339,0.43545,0.30803,0.49389,0.37934,0.41906,0.27409,1.40958,2.8417,2.29234,0.02202,0,0.00066142,0.00066142,0.00066142
173,16487.8,0.93698,1.11808,0.7064,0.01148,0.05614,0.49146,0.36876,0.38334,0.27236,0.4863,0.36318,0.36921,0.23606,1.42707,2.72043,2.24232,0.02237,0,0.00065944,0.00065944,0.00065944
174,16582.6,0.89439,1.10467,0.69701,0.01164,0.05064,0.57062,0.35267,0.43162,0.31085,0.5691,0.35178,0.42115,0.26928,1.40977,2.62339,2.25234,0.02202,0,0.00065746,0.00065746,0.00065746
175,16677.4,0.87369,1.15199,0.63521,0.01114,0.04806,0.64312,0.37032,0.43034,0.31026,0.63538,0.36537,0.42308,0.27197,1.41551,2.57844,2.24897,0.0219,0,0.00065548,0.00065548,0.00065548
176,16772.1,0.87928,1.08325,0.63662,0.0109,0.05267,0.58367,0.37015,0.43633,0.30852,0.57342,0.36203,0.42073,0.26057,1.39467,2.64083,2.17463,0.02132,0,0.0006535,0.0006535,0.0006535
177,16866.8,0.82608,1.00009,0.61264,0.01096,0.05047,0.48073,0.38003,0.44173,0.31714,0.47267,0.37479,0.43058,0.273,1.39784,2.79935,2.21281,0.02159,0,0.00065152,0.00065152,0.00065152
178,16961.4,0.86909,1.01345,0.61004,0.01008,0.05303,0.56239,0.37782,0.40185,0.29434,0.56048,0.37786,0.39657,0.25829,1.39287,2.78027,2.31463,0.02172,0,0.00064954,0.00064954,0.00064954
179,17056.1,0.85736,1.03978,0.60854,0.01073,0.05144,0.53298,0.38473,0.41557,0.29327,0.5164,0.37464,0.40822,0.25607,1.41824,2.88067,2.3568,0.02213,0,0.00064756,0.00064756,0.00064756
180,17150.9,0.82768,0.95516,0.58394,0.01068,0.04892,0.59319,0.38291,0.43779,0.31762,0.60214,0.38514,0.42989,0.27553,1.3998,2.83806,2.28283,0.02217,0,0.00064558,0.00064558,0.00064558
181,17245.6,0.85926,1.0505,0.64347,0.01129,0.05185,0.51162,0.41,0.39979,0.2901,0.51087,0.39603,0.38768,0.2449,1.41533,2.65901,2.28928,0.0215,0,0.0006436,0.0006436,0.0006436
182,17340.3,0.80489,0.98502,0.60468,0.01069,0.04975,0.48823,0.3928,0.4202,0.30879,0.48642,0.39138,0.40726,0.26706,1.39434,2.84177,2.35178,0.02144,0,0.00064162,0.00064162,0.00064162
183,17435,0.84094,1.04928,0.63235,0.01073,0.05399,0.48922,0.39799,0.41577,0.29177,0.48504,0.39528,0.40387,0.24907,1.41226,2.90134,2.26697,0.02202,0,0.00063964,0.00063964,0.00063964
184,17529.7,0.80348,0.99117,0.55973,0.01073,0.04769,0.56683,0.37988,0.42402,0.28721,0.56685,0.37265,0.41259,0.25499,1.4105,2.88181,2.27655,0.02196,0,0.00063766,0.00063766,0.00063766
185,17624.2,0.86654,1.06509,0.60948,0.0105,0.04973,0.55694,0.38213,0.41867,0.29445,0.57223,0.36174,0.40604,0.26378,1.41733,2.6689,2.2854,0.02198,0,0.00063568,0.00063568,0.00063568
186,17719,0.84112,0.98749,0.55906,0.01075,0.04908,0.48334,0.42382,0.41035,0.29704,0.52842,0.39368,0.40506,0.25769,1.40237,2.73415,2.27174,0.0216,0,0.0006337,0.0006337,0.0006337
187,17813.7,0.82285,1.01317,0.55689,0.00988,0.05072,0.47483,0.42602,0.43562,0.30308,0.44664,0.41521,0.41063,0.26028,1.44015,2.79626,2.27674,0.02228,0,0.00063172,0.00063172,0.00063172
188,17908.5,0.84482,1.04214,0.60962,0.01084,0.04717,0.56068,0.39726,0.44038,0.30885,0.46143,0.40686,0.4231,0.26847,1.42106,2.67425,2.21221,0.02221,0,0.00062974,0.00062974,0.00062974
189,18003.2,0.79795,0.94463,0.54036,0.01039,0.04727,0.50345,0.40658,0.41389,0.29438,0.4933,0.4007,0.40039,0.24835,1.43441,2.69182,2.27252,0.02257,0,0.00062776,0.00062776,0.00062776
190,18098,0.81359,1.00629,0.57446,0.01029,0.04683,0.44022,0.4202,0.42462,0.29908,0.43163,0.41149,0.41152,0.25726,1.39454,2.86468,2.28607,0.02152,0,0.00062578,0.00062578,0.00062578
191,18192.9,0.83752,1.00947,0.5699,0.00988,0.04863,0.54299,0.3767,0.41717,0.29046,0.54033,0.37504,0.40601,0.24773,1.40192,2.81491,2.17761,0.02173,0,0.0006238,0.0006238,0.0006238
192,18287.6,0.80655,0.99228,0.55616,0.00966,0.04932,0.53508,0.35384,0.4,0.28135,0.53821,0.33483,0.38209,0.24103,1.37954,2.71543,2.37486,0.02124,0,0.00062182,0.00062182,0.00062182
193,18382.2,0.8327,0.96852,0.54304,0.01063,0.04587,0.49307,0.37722,0.39704,0.29075,0.48926,0.37332,0.38839,0.24137,1.39289,2.91332,2.40656,0.02143,0,0.00061984,0.00061984,0.00061984
194,18476.8,0.84431,1.05512,0.61733,0.01031,0.04955,0.565,0.37791,0.42744,0.30908,0.56115,0.36799,0.40979,0.26681,1.36905,2.91783,2.36377,0.02062,0,0.00061786,0.00061786,0.00061786
195,18571.4,0.81139,0.9828,0.58071,0.01009,0.05046,0.49826,0.40138,0.43453,0.31172,0.49012,0.39412,0.4186,0.27087,1.37999,2.78603,2.26325,0.02093,0,0.00061588,0.00061588,0.00061588
196,18666.4,0.77162,0.93861,0.4994,0.00968,0.04329,0.52766,0.39297,0.4216,0.30705,0.52016,0.38639,0.41019,0.27195,1.3859,2.75439,2.21898,0.02102,0,0.0006139,0.0006139,0.0006139
197,18761.1,0.83118,0.97542,0.54834,0.01024,0.04942,0.5141,0.37924,0.43588,0.31087,0.50739,0.37473,0.42587,0.27013,1.38087,2.72108,2.2184,0.02089,0,0.00061192,0.00061192,0.00061192
198,18855.9,0.79181,1.01018,0.55218,0.01001,0.04664,0.51769,0.38567,0.40687,0.29884,0.51457,0.3911,0.39858,0.25381,1.3744,2.80658,2.33403,0.02055,0,0.00060994,0.00060994,0.00060994
199,18950.8,0.82054,0.98463,0.58786,0.00991,0.0465,0.48274,0.38948,0.4173,0.30506,0.47621,0.38415,0.40616,0.26436,1.38338,2.79705,2.29578,0.0208,0,0.00060796,0.00060796,0.00060796
200,19045.7,0.82186,1.04319,0.62095,0.01045,0.05261,0.47437,0.40273,0.41484,0.30095,0.47423,0.38771,0.40612,0.25913,1.40624,2.80948,2.32488,0.0219,0,0.00060598,0.00060598,0.00060598
201,19140.6,0.82693,0.99259,0.52126,0.01033,0.04772,0.51966,0.39896,0.40657,0.30117,0.51469,0.39143,0.39993,0.2611,1.40031,2.77873,2.29788,0.02154,0,0.000604,0.000604,0.000604
202,19235.3,0.81321,0.958,0.5783,0.01011,0.04454,0.47001,0.4188,0.41415,0.30436,0.46181,0.40809,0.40679,0.2713,1.40584,2.91284,2.25651,0.02162,0,0.00060202,0.00060202,0.00060202
203,19329.9,0.78481,0.948,0.56463,0.00999,0.04563,0.52548,0.40015,0.42861,0.31142,0.59584,0.3691,0.41773,0.27194,1.42154,2.85904,2.28535,0.02241,0,0.00060004,0.00060004,0.00060004
204,19424.5,0.78903,0.94424,0.55734,0.00952,0.04352,0.6476,0.32903,0.41473,0.30758,0.64344,0.32628,0.41161,0.27055,1.38547,2.82754,2.26752,0.02161,0,0.00059806,0.00059806,0.00059806
205,19518.9,0.83448,1.0008,0.57933,0.00969,0.04878,0.63315,0.34384,0.4281,0.30736,0.63727,0.34496,0.41424,0.27027,1.42268,2.76478,2.268,0.02253,0,0.00059608,0.00059608,0.00059608
206,19613.7,0.78673,0.89256,0.51395,0.00942,0.04269,0.65175,0.33554,0.42181,0.31002,0.59958,0.34766,0.40807,0.26456,1.39878,2.83625,2.30182,0.02205,0,0.0005941,0.0005941,0.0005941
207,19708.4,0.78811,0.93917,0.53674,0.0102,0.03957,0.62304,0.39127,0.45089,0.32835,0.63208,0.39391,0.44373,0.28182,1.39029,2.80684,2.19301,0.02211,0,0.00059212,0.00059212,0.00059212
208,19803.2,0.8126,0.96167,0.58273,0.00983,0.0478,0.56201,0.37445,0.39957,0.29873,0.55859,0.37435,0.39223,0.25533,1.37858,2.75836,2.40422,0.02207,0,0.00059014,0.00059014,0.00059014
209,19897.9,0.79028,0.9399,0.50569,0.00945,0.04467,0.5792,0.40128,0.44674,0.32393,0.57007,0.39423,0.4264,0.26684,1.40478,2.78607,2.28574,0.02174,0,0.00058816,0.00058816,0.00058816
210,19992.4,0.81956,0.9598,0.52886,0.01033,0.04324,0.62877,0.36766,0.39893,0.28048,0.62376,0.3633,0.38376,0.24035,1.4445,2.79453,2.33474,0.02223,0,0.00058618,0.00058618,0.00058618
211,20087,0.78013,1.00163,0.56848,0.00981,0.04389,0.58939,0.39472,0.42859,0.31156,0.58682,0.38934,0.42138,0.2673,1.37804,2.77141,2.40211,0.02107,0,0.0005842,0.0005842,0.0005842
212,20181.5,0.79073,0.94532,0.52837,0.00933,0.0466,0.59309,0.38992,0.43307,0.31366,0.59117,0.38647,0.42588,0.27462,1.37132,2.69786,2.26197,0.02108,0,0.00058222,0.00058222,0.00058222
213,20276,0.81478,0.96771,0.61297,0.0097,0.04902,0.62551,0.39433,0.4374,0.31228,0.62262,0.39312,0.43158,0.27477,1.38714,2.86372,2.34478,0.02136,0,0.00058024,0.00058024,0.00058024
214,20370.8,0.80955,0.98712,0.57915,0.00983,0.04589,0.58383,0.4111,0.44237,0.3102,0.5898,0.39604,0.4298,0.26984,1.40862,2.82586,2.29643,0.02202,0,0.00057826,0.00057826,0.00057826
215,20465.2,0.80232,0.94492,0.55294,0.00926,0.04559,0.54505,0.44555,0.42313,0.29774,0.54703,0.44832,0.40859,0.25559,1.3842,2.86309,2.26394,0.0212,0,0.00057628,0.00057628,0.00057628
216,20559.9,0.77212,0.95911,0.55791,0.00937,0.04528,0.62163,0.35716,0.42288,0.30125,0.61663,0.3548,0.40156,0.25543,1.37429,2.84247,2.32779,0.02113,0,0.0005743,0.0005743,0.0005743
217,20654.7,0.73656,0.89058,0.47497,0.00899,0.04208,0.62055,0.39686,0.43476,0.31025,0.61406,0.39306,0.41952,0.27196,1.40078,2.8694,2.36757,0.0217,0,0.00057232,0.00057232,0.00057232
218,20749.5,0.76126,0.92054,0.48813,0.00951,0.04225,0.64802,0.35681,0.41926,0.29406,0.64349,0.35345,0.41067,0.25508,1.40361,2.78876,2.43842,0.02195,0,0.00057034,0.00057034,0.00057034
219,20844.1,0.80474,0.9966,0.57414,0.00991,0.04445,0.52842,0.41241,0.43945,0.31175,0.5263,0.41314,0.4312,0.27732,1.41411,2.79218,2.34713,0.02217,0,0.00056836,0.00056836,0.00056836
220,20938.6,0.75482,0.92588,0.49566,0.00916,0.04262,0.61346,0.34344,0.3947,0.29023,0.6093,0.34082,0.39942,0.25512,1.41943,2.67143,2.30602,0.02171,0,0.00056638,0.00056638,0.00056638
221,21033.2,0.7677,0.93577,0.51838,0.00957,0.04253,0.56451,0.36682,0.40215,0.2888,0.55849,0.36278,0.39033,0.2465,1.37351,2.8771,2.40199,0.02095,0,0.0005644,0.0005644,0.0005644
222,21128.1,0.74116,0.87711,0.49671,0.00866,0.04012,0.51696,0.40952,0.40971,0.29621,0.51226,0.40596,0.41883,0.26515,1.38835,2.93203,2.2637,0.02165,0,0.00056242,0.00056242,0.00056242
223,21222.8,0.73239,0.91955,0.53354,0.00959,0.04157,0.58491,0.39062,0.41997,0.30206,0.5817,0.38748,0.41131,0.26252,1.39094,2.89326,2.25548,0.02148,0,0.00056044,0.00056044,0.00056044
224,21317.9,0.7463,0.88825,0.49676,0.00944,0.04359,0.53748,0.41781,0.41231,0.30218,0.5291,0.40966,0.39641,0.26237,1.40582,2.94672,2.2201,0.02212,0,0.00055846,0.00055846,0.00055846
225,21412.9,0.75956,0.9054,0.52292,0.0092,0.04063,0.50455,0.39548,0.41885,0.30078,0.49762,0.38871,0.41673,0.26465,1.40772,2.91566,2.22725,0.0218,0,0.00055648,0.00055648,0.00055648
226,21507.8,0.7071,0.82304,0.42947,0.00869,0.03722,0.54045,0.37266,0.41972,0.29383,0.55804,0.36352,0.40113,0.25654,1.40294,2.83093,2.33511,0.02181,0,0.0005545,0.0005545,0.0005545
227,21602.5,0.7425,0.85728,0.48799,0.00872,0.03984,0.57141,0.36341,0.40945,0.29816,0.56389,0.36003,0.39871,0.26031,1.38107,2.92425,2.25802,0.02115,0,0.00055252,0.00055252,0.00055252
228,21697.2,0.71483,0.82252,0.42511,0.00877,0.03954,0.55967,0.37823,0.41074,0.2906,0.54941,0.37746,0.40024,0.25561,1.3868,2.90762,2.21153,0.02112,0,0.00055054,0.00055054,0.00055054
229,21791.6,0.75998,0.96531,0.55919,0.00892,0.0461,0.5515,0.3703,0.39533,0.28415,0.55081,0.37113,0.38697,0.24844,1.39335,2.88107,2.27755,0.0217,0,0.00054856,0.00054856,0.00054856
230,21886.5,0.75409,0.87119,0.49087,0.00953,0.04052,0.5665,0.43014,0.46546,0.31161,0.56575,0.42585,0.45782,0.2785,1.39387,2.87143,2.23914,0.02169,0,0.00054658,0.00054658,0.00054658
231,21981.2,0.73395,0.87523,0.47927,0.00906,0.04099,0.56545,0.39904,0.43778,0.30295,0.56032,0.39388,0.42683,0.25785,1.3992,2.87838,2.21552,0.02121,0,0.0005446,0.0005446,0.0005446
232,22076.1,0.69932,0.80081,0.46059,0.00865,0.03664,0.53619,0.40632,0.43837,0.3127,0.5558,0.39216,0.43271,0.26968,1.38886,2.84933,2.24079,0.02119,0,0.00054262,0.00054262,0.00054262
233,22171.2,0.72811,0.87877,0.53011,0.00868,0.0396,0.58575,0.38623,0.42749,0.30675,0.57834,0.37981,0.41311,0.26518,1.38002,2.84089,2.27821,0.02081,0,0.00054064,0.00054064,0.00054064
234,22266.2,0.73787,0.86894,0.51644,0.0091,0.04173,0.61651,0.39518,0.44522,0.33038,0.60899,0.38964,0.43055,0.27489,1.36817,2.83261,2.32524,0.0207,0,0.00053866,0.00053866,0.00053866
235,22360.9,0.73452,0.88597,0.49747,0.00941,0.03945,0.53176,0.40891,0.41107,0.29746,0.52183,0.40262,0.39681,0.25265,1.39349,2.89141,2.26324,0.02124,0,0.00053668,0.00053668,0.00053668
236,22455.8,0.74283,0.88123,0.49639,0.00887,0.03917,0.60927,0.36742,0.40994,0.29489,0.60639,0.36523,0.40234,0.25927,1.35542,2.82618,2.28725,0.02057,0,0.0005347,0.0005347,0.0005347
237,22550.6,0.71233,0.87031,0.45476,0.00928,0.04054,0.5285,0.40179,0.4214,0.30116,0.51927,0.39456,0.40846,0.25602,1.37874,2.854,2.28533,0.02095,0,0.00053272,0.00053272,0.00053272
238,22645.5,0.72694,0.88512,0.51444,0.00923,0.0396,0.59664,0.38633,0.43098,0.30733,0.59986,0.37866,0.42404,0.26493,1.37031,2.91372,2.35027,0.0208,0,0.00053074,0.00053074,0.00053074
239,22739.9,0.74733,0.91023,0.4823,0.00851,0.04142,0.50753,0.42112,0.41705,0.30149,0.50412,0.41957,0.41549,0.25762,1.36575,3.00045,2.40331,0.02071,0,0.00052876,0.00052876,0.00052876
240,22835.3,0.7214,0.81181,0.41692,0.00872,0.03889,0.57866,0.38357,0.42072,0.29972,0.57536,0.38095,0.41478,0.26614,1.38212,2.99475,2.41654,0.02117,0,0.00052678,0.00052678,0.00052678
241,22930.9,0.71791,0.78693,0.4474,0.00932,0.03909,0.57369,0.3748,0.42059,0.2924,0.56844,0.37166,0.41184,0.26727,1.39137,2.86228,2.39553,0.02097,0,0.0005248,0.0005248,0.0005248
242,23026.3,0.75069,0.89383,0.4888,0.00934,0.04244,0.63459,0.3686,0.41689,0.29341,0.63109,0.36686,0.41088,0.26223,1.38262,2.86094,2.34422,0.02129,0,0.00052282,0.00052282,0.00052282
243,23121.5,0.71791,0.8507,0.44495,0.00874,0.03797,0.62619,0.36859,0.42121,0.30502,0.62196,0.36686,0.4157,0.27149,1.37159,2.91273,2.31233,0.02085,0,0.00052084,0.00052084,0.00052084
244,23216.3,0.72314,0.81284,0.48465,0.00864,0.04008,0.58916,0.39693,0.43216,0.31114,0.58506,0.39427,0.42158,0.27571,1.3541,2.88359,2.35115,0.02074,0,0.00051886,0.00051886,0.00051886
245,23311.5,0.71498,0.83651,0.4609,0.00904,0.04013,0.52039,0.40638,0.42716,0.30425,0.51523,0.40285,0.41671,0.27399,1.36597,2.90271,2.29944,0.02125,0,0.00051688,0.00051688,0.00051688
246,23406.8,0.69098,0.77532,0.42805,0.00905,0.03319,0.52906,0.40733,0.43377,0.30612,0.52095,0.40054,0.41895,0.26823,1.35868,2.90975,2.2064,0.02078,0,0.0005149,0.0005149,0.0005149
247,23502.1,0.67111,0.83314,0.44388,0.00845,0.03602,0.57168,0.3905,0.4383,0.31097,0.56308,0.38441,0.42796,0.27449,1.35183,2.86638,2.19963,0.02061,0,0.00051292,0.00051292,0.00051292
248,23597.3,0.72374,0.82845,0.46181,0.00888,0.04129,0.55619,0.37595,0.43847,0.31267,0.55208,0.37361,0.4307,0.27722,1.38108,2.88949,2.26117,0.02122,0,0.00051094,0.00051094,0.00051094
249,23692.7,0.72885,0.85557,0.51169,0.00854,0.03835,0.63623,0.37687,0.43459,0.3041,0.62415,0.36879,0.42301,0.27039,1.37407,2.94132,2.21654,0.02148,0,0.00050896,0.00050896,0.00050896
250,23788,0.70942,0.87817,0.45334,0.00829,0.03871,0.64621,0.35342,0.43479,0.31648,0.63935,0.34865,0.42977,0.2795,1.3645,2.92506,2.28014,0.02104,0,0.00050698,0.00050698,0.00050698
251,23883.4,0.68223,0.8492,0.48509,0.00816,0.03733,0.50523,0.39441,0.41877,0.30052,0.49157,0.39524,0.41075,0.26487,1.38213,2.90853,2.23574,0.02107,0,0.000505,0.000505,0.000505
252,23978.8,0.69597,0.84045,0.45761,0.00805,0.039,0.52942,0.35727,0.40553,0.29952,0.42836,0.3905,0.38491,0.2604,1.35686,2.97763,2.22476,0.02057,0,0.00050302,0.00050302,0.00050302
253,24074.1,0.66815,0.75769,0.42872,0.00875,0.03747,0.57842,0.35593,0.40609,0.29304,0.57166,0.35138,0.39854,0.2562,1.35646,2.95978,2.26047,0.02037,0,0.00050104,0.00050104,0.00050104
254,24169.2,0.70978,0.83322,0.45548,0.0079,0.03873,0.63573,0.34957,0.40765,0.29095,0.63972,0.35388,0.4058,0.2526,1.35894,2.92384,2.287,0.02076,0,0.00049906,0.00049906,0.00049906
255,24264.3,0.69804,0.76485,0.40335,0.00885,0.03729,0.59473,0.37727,0.41072,0.30107,0.59085,0.37489,0.4027,0.26156,1.35251,2.9853,2.35658,0.02085,0,0.00049708,0.00049708,0.00049708
256,24359.3,0.69048,0.79453,0.42829,0.00813,0.03728,0.5757,0.3583,0.41612,0.30653,0.57349,0.35787,0.41538,0.27027,1.34368,2.93727,2.28279,0.02036,0,0.0004951,0.0004951,0.0004951
257,24454.3,0.66887,0.80253,0.44519,0.00874,0.03539,0.65539,0.36003,0.40795,0.294,0.58202,0.40149,0.40575,0.26451,1.36847,2.9247,2.28035,0.02082,0,0.00049312,0.00049312,0.00049312
258,24549.3,0.71643,0.90077,0.49658,0.0082,0.03829,0.59742,0.39365,0.44363,0.3075,0.59276,0.39009,0.43672,0.27868,1.34259,2.8646,2.25493,0.0207,0,0.00049114,0.00049114,0.00049114
259,24644.5,0.68978,0.80768,0.41622,0.0086,0.03565,0.62429,0.39102,0.44956,0.31454,0.61293,0.37662,0.42292,0.27898,1.36649,2.89621,2.24085,0.02091,0,0.00048916,0.00048916,0.00048916
260,24739.7,0.66135,0.78965,0.45331,0.00867,0.03547,0.59394,0.38056,0.42073,0.30269,0.5677,0.39588,0.40989,0.25766,1.37067,2.99917,2.40413,0.021,0,0.00048718,0.00048718,0.00048718
261,24834.9,0.71095,0.89532,0.48456,0.00871,0.03773,0.56075,0.36936,0.40544,0.28707,0.56023,0.36964,0.40085,0.2536,1.35745,2.99748,2.3255,0.02018,0,0.0004852,0.0004852,0.0004852
262,24930.3,0.71374,0.85774,0.50797,0.00882,0.04188,0.48948,0.38392,0.41906,0.29531,0.61568,0.34601,0.41728,0.25765,1.34689,2.90985,2.32075,0.02012,0,0.00048322,0.00048322,0.00048322
263,25025.6,0.69515,0.82173,0.44697,0.00817,0.03903,0.58632,0.36309,0.39386,0.28831,0.60148,0.37782,0.40192,0.25063,1.36071,2.83023,2.35846,0.02061,0,0.00048124,0.00048124,0.00048124
264,25120.6,0.67569,0.77908,0.4225,0.00794,0.03801,0.65694,0.3503,0.43107,0.30996,0.64473,0.34349,0.41567,0.27417,1.3594,2.89144,2.30571,0.02029,0,0.00047926,0.00047926,0.00047926
265,25216,0.66839,0.77406,0.42394,0.00848,0.03571,0.56818,0.3841,0.43221,0.30829,0.56012,0.37932,0.41635,0.27613,1.3785,2.95229,2.1879,0.02099,0,0.00047728,0.00047728,0.00047728
266,25311.2,0.68177,0.80004,0.45603,0.00783,0.03678,0.53827,0.39117,0.43882,0.31242,0.53326,0.38697,0.42569,0.27469,1.35178,2.96975,2.17156,0.0206,0,0.0004753,0.0004753,0.0004753
267,25406.6,0.69934,0.81182,0.46272,0.00851,0.03808,0.54311,0.41311,0.44462,0.31706,0.54098,0.40102,0.43114,0.28002,1.36815,2.978,2.12493,0.02086,0,0.00047332,0.00047332,0.00047332
268,25501.4,0.70988,0.85312,0.49934,0.00809,0.038,0.5222,0.39744,0.42785,0.30898,0.52485,0.39543,0.42273,0.27801,1.35565,2.86933,2.27871,0.02076,0,0.00047134,0.00047134,0.00047134
269,25596.3,0.69036,0.81201,0.43949,0.00804,0.03865,0.52888,0.41473,0.42225,0.31113,0.52255,0.40995,0.41423,0.26819,1.33898,2.89759,2.43667,0.02003,0,0.00046936,0.00046936,0.00046936
270,25691.4,0.68717,0.84578,0.46249,0.00788,0.03786,0.6308,0.36551,0.44108,0.32651,0.62043,0.36586,0.4383,0.28633,1.3291,2.90323,2.3442,0.02021,0,0.00046738,0.00046738,0.00046738
271,25786.9,0.69156,0.8373,0.48349,0.00865,0.03638,0.46736,0.41996,0.43299,0.31953,0.47009,0.42085,0.43223,0.27919,1.33954,2.82939,2.38323,0.0207,0,0.0004654,0.0004654,0.0004654
272,25882.1,0.65442,0.80598,0.45125,0.00805,0.03636,0.46677,0.39206,0.41572,0.30264,0.46642,0.39237,0.41235,0.26916,1.35956,2.8031,2.37158,0.02101,0,0.00046342,0.00046342,0.00046342
273,25977.2,0.65045,0.77265,0.40888,0.0081,0.03453,0.43028,0.4035,0.42789,0.31603,0.42467,0.39935,0.42178,0.27249,1.35427,2.87398,2.36886,0.02064,0,0.00046144,0.00046144,0.00046144
274,26072.5,0.65699,0.75974,0.41922,0.00826,0.03615,0.48024,0.43261,0.42703,0.31341,0.47745,0.42992,0.42278,0.27141,1.3424,2.94088,2.32081,0.02057,0,0.00045946,0.00045946,0.00045946
275,26167.5,0.667,0.79862,0.43988,0.00815,0.03741,0.54141,0.41058,0.43108,0.31443,0.56233,0.39695,0.42088,0.27117,1.35179,2.92873,2.32713,0.02058,0,0.00045748,0.00045748,0.00045748
276,26262.5,0.66193,0.8037,0.41905,0.00814,0.03571,0.65544,0.37023,0.45354,0.3303,0.64789,0.36293,0.443,0.28613,1.36508,2.88678,2.33007,0.02066,0,0.0004555,0.0004555,0.0004555
277,26358.2,0.65713,0.76004,0.41934,0.00839,0.03627,0.57993,0.38215,0.441,0.31529,0.57513,0.37965,0.43809,0.27678,1.36794,2.84941,2.3173,0.02041,0,0.00045352,0.00045352,0.00045352
278,26453.2,0.67895,0.77294,0.46297,0.00847,0.03489,0.61269,0.38724,0.44026,0.31946,0.59886,0.37433,0.42586,0.28371,1.34339,2.88897,2.35251,0.01978,0,0.00045154,0.00045154,0.00045154
279,26548.5,0.63031,0.78982,0.40712,0.00786,0.03415,0.58622,0.38042,0.43898,0.32084,0.56993,0.36877,0.42416,0.27677,1.3294,2.89412,2.40579,0.01977,0,0.00044956,0.00044956,0.00044956
280,26643.5,0.64,0.80743,0.42549,0.00809,0.03457,0.53305,0.41185,0.43331,0.32016,0.53145,0.41391,0.42637,0.27875,1.32513,2.85972,2.2872,0.02006,0,0.00044758,0.00044758,0.00044758
281,26738.7,0.64686,0.73546,0.41359,0.00788,0.03376,0.55163,0.37934,0.42475,0.30992,0.54945,0.38338,0.41946,0.27096,1.33874,2.90288,2.28819,0.02056,0,0.0004456,0.0004456,0.0004456
282,26833.7,0.68723,0.84139,0.47136,0.00851,0.03607,0.58223,0.36386,0.43109,0.3112,0.55028,0.35927,0.42327,0.27859,1.35522,3.0191,2.39667,0.02103,0,0.00044362,0.00044362,0.00044362
283,26928.6,0.64818,0.75998,0.41204,0.00798,0.03372,0.50121,0.3865,0.40443,0.29772,0.49247,0.37789,0.39501,0.25926,1.36166,2.974,2.42338,0.0206,0,0.00044164,0.00044164,0.00044164
284,27023.7,0.63633,0.73312,0.39041,0.00794,0.03523,0.53887,0.37152,0.42566,0.30451,0.65188,0.33027,0.40193,0.26768,1.35328,2.97489,2.42859,0.02028,0,0.00043966,0.00043966,0.00043966
285,27118.9,0.64124,0.74645,0.42621,0.00798,0.03381,0.54361,0.41282,0.42796,0.30659,0.51363,0.38933,0.39945,0.26188,1.35151,3.00338,2.40485,0.02058,0,0.00043768,0.00043768,0.00043768
286,27213.9,0.63788,0.79738,0.43126,0.00815,0.03668,0.6501,0.36162,0.42833,0.3109,0.63519,0.35152,0.40645,0.26275,1.35177,3.01369,2.45501,0.0206,0,0.0004357,0.0004357,0.0004357
287,27308.9,0.673,0.77353,0.43435,0.00837,0.03533,0.5262,0.39277,0.4181,0.30448,0.52462,0.38022,0.40436,0.2625,1.34149,2.92775,2.49366,0.02016,0,0.00043372,0.00043372,0.00043372
288,27404.3,0.63348,0.72906,0.3729,0.00782,0.03317,0.4781,0.39956,0.39019,0.28867,0.45898,0.38499,0.37342,0.24771,1.36134,2.99892,2.4864,0.02072,0,0.00043174,0.00043174,0.00043174
289,27499.6,0.61952,0.71463,0.38999,0.00768,0.03431,0.52158,0.39455,0.39431,0.29212,0.51968,0.37959,0.38737,0.25025,1.34885,3.02594,2.41727,0.02031,0,0.00042976,0.00042976,0.00042976
290,27594.7,0.63622,0.72545,0.37416,0.00798,0.03244,0.65021,0.36918,0.39274,0.29522,0.63941,0.36211,0.38817,0.25028,1.37399,3.03877,2.46559,0.02103,0,0.00042778,0.00042778,0.00042778
291,27689.7,0.6391,0.74385,0.41127,0.00834,0.03472,0.5901,0.37465,0.41112,0.3001,0.58289,0.374,0.40526,0.25696,1.36366,2.98152,2.41392,0.02081,0,0.0004258,0.0004258,0.0004258
292,27784.7,0.64893,0.78365,0.46032,0.00761,0.0367,0.61199,0.36725,0.41665,0.30964,0.60136,0.36008,0.40275,0.26956,1.34622,3.00166,2.30039,0.02053,0,0.00042382,0.00042382,0.00042382
293,27879.7,0.63866,0.74505,0.42558,0.00711,0.03422,0.62863,0.35374,0.40699,0.30301,0.62537,0.35137,0.40455,0.26418,1.35496,2.99168,2.28179,0.02056,0,0.00042184,0.00042184,0.00042184
294,27974.8,0.62398,0.74627,0.4371,0.00757,0.03229,0.57262,0.40687,0.42805,0.31686,0.55858,0.39747,0.41842,0.27833,1.35137,3.00261,2.31365,0.02052,0,0.00041986,0.00041986,0.00041986
295,28070,0.61712,0.73999,0.38105,0.00707,0.03393,0.57111,0.4148,0.44723,0.3227,0.56386,0.40116,0.43892,0.2851,1.33101,2.91322,2.33249,0.02045,0,0.00041788,0.00041788,0.00041788
296,28164.8,0.60817,0.70252,0.38558,0.00737,0.03368,0.59254,0.41447,0.45124,0.32932,0.55983,0.41282,0.44293,0.28139,1.37166,2.9303,2.35035,0.02101,0,0.0004159,0.0004159,0.0004159
297,28260,0.63793,0.76478,0.44232,0.00828,0.03647,0.58418,0.37359,0.40982,0.29878,0.5865,0.37274,0.40032,0.25363,1.34802,2.96338,2.36207,0.02015,0,0.00041392,0.00041392,0.00041392
298,28354.9,0.60854,0.77112,0.43082,0.00753,0.03454,0.45965,0.39817,0.40777,0.29958,0.45895,0.38802,0.39994,0.25603,1.34506,2.94982,2.32551,0.02025,0,0.00041194,0.00041194,0.00041194
299,28449.9,0.64013,0.78738,0.45087,0.0077,0.03693,0.56515,0.37393,0.44804,0.32819,0.58655,0.365,0.43839,0.28097,1.31772,2.97131,2.303,0.0197,0,0.00040996,0.00040996,0.00040996
300,28545,0.61303,0.69555,0.42311,0.00784,0.03309,0.55868,0.38319,0.44409,0.33401,0.53595,0.36473,0.42571,0.28812,1.30687,2.92765,2.32888,0.01975,0,0.00040798,0.00040798,0.00040798
301,28640.4,0.62562,0.71477,0.41726,0.00755,0.03115,0.58789,0.38455,0.43784,0.32218,0.56801,0.36527,0.41692,0.27922,1.31768,2.86034,2.38339,0.02014,0,0.000406,0.000406,0.000406
302,28735.4,0.6138,0.70809,0.36522,0.00729,0.03272,0.53827,0.39858,0.43465,0.3165,0.52761,0.38887,0.42104,0.27615,1.33066,2.92763,2.37739,0.02024,0,0.00040402,0.00040402,0.00040402
303,28830.6,0.61509,0.69376,0.40342,0.00725,0.03494,0.47778,0.39783,0.41983,0.30452,0.56242,0.34987,0.40845,0.26149,1.33184,2.92479,2.42421,0.02022,0,0.00040204,0.00040204,0.00040204
304,28925.7,0.57909,0.68595,0.37689,0.00738,0.0323,0.52054,0.3804,0.4079,0.29461,0.51981,0.37634,0.39928,0.25685,1.34611,2.96322,2.43336,0.02046,0,0.00040006,0.00040006,0.00040006
305,29020.9,0.61297,0.71298,0.38444,0.00705,0.03026,0.62213,0.38411,0.43665,0.31726,0.6201,0.37708,0.42948,0.27702,1.31085,2.99734,2.44325,0.01964,0,0.00039808,0.00039808,0.00039808
306,29115.8,0.63629,0.78779,0.38699,0.00729,0.03584,0.52175,0.3976,0.40663,0.29525,0.51585,0.39202,0.40123,0.2512,1.32961,2.97392,2.4327,0.01993,0,0.0003961,0.0003961,0.0003961
307,29210.9,0.58752,0.68064,0.37824,0.00693,0.03186,0.51394,0.40329,0.40535,0.29343,0.49935,0.3947,0.39392,0.25034,1.34181,2.97774,2.46206,0.02022,0,0.00039412,0.00039412,0.00039412
308,29306.1,0.60018,0.67966,0.34279,0.00746,0.03007,0.51707,0.40977,0.41797,0.30853,0.5863,0.36644,0.40472,0.2601,1.31985,3.0606,2.46261,0.01952,0,0.00039214,0.00039214,0.00039214
309,29401.1,0.64053,0.72892,0.43168,0.00768,0.03532,0.50889,0.42233,0.40388,0.2986,0.52222,0.40681,0.3912,0.25125,1.31995,3.05759,2.39542,0.01939,0,0.00039016,0.00039016,0.00039016
310,29496.8,0.60588,0.72832,0.39785,0.0075,0.03395,0.54424,0.36104,0.40496,0.29014,0.53148,0.35277,0.39042,0.24578,1.33429,3.02369,2.49526,0.01976,0,0.00038818,0.00038818,0.00038818
311,29591.8,0.60143,0.69425,0.39497,0.00724,0.03154,0.5931,0.35484,0.40622,0.2961,0.5813,0.34719,0.39547,0.25435,1.31824,2.99743,2.44495,0.01945,0,0.0003862,0.0003862,0.0003862
312,29686.9,0.61131,0.69645,0.38809,0.00694,0.03392,0.51925,0.39298,0.42294,0.30434,0.51015,0.38574,0.41086,0.26829,1.30058,3.08146,2.35285,0.01927,0,0.00038422,0.00038422,0.00038422
313,29781.9,0.61829,0.68426,0.38154,0.0073,0.03238,0.51206,0.428,0.42575,0.31306,0.50057,0.42109,0.4133,0.27207,1.30538,3.10587,2.29389,0.01945,0,0.00038224,0.00038224,0.00038224
314,29876.9,0.57508,0.74937,0.35681,0.00675,0.02924,0.62208,0.35818,0.40112,0.29567,0.61622,0.34662,0.38886,0.25755,1.31604,3.01775,2.3565,0.01966,0,0.00038026,0.00038026,0.00038026
315,29972.1,0.61678,0.76721,0.4208,0.00751,0.03389,0.54143,0.40345,0.40858,0.29793,0.53646,0.39953,0.39976,0.26208,1.33099,3.05448,2.35932,0.02027,0,0.00037828,0.00037828,0.00037828
316,30067.1,0.60912,0.73518,0.40328,0.00688,0.03276,0.51994,0.43367,0.41532,0.3053,0.51439,0.42855,0.40805,0.26813,1.31568,2.9918,2.32362,0.01957,0,0.0003763,0.0003763,0.0003763
317,30162.2,0.60058,0.735,0.42639,0.00677,0.03393,0.48318,0.42826,0.42406,0.31198,0.47102,0.41541,0.41182,0.26981,1.3047,2.9675,2.35983,0.01954,0,0.00037432,0.00037432,0.00037432
318,30257.2,0.59318,0.69856,0.37042,0.00699,0.03033,0.56231,0.40942,0.43387,0.31767,0.55812,0.38655,0.4173,0.27286,1.3067,3.02837,2.3741,0.01983,0,0.00037234,0.00037234,0.00037234
319,30352.2,0.58782,0.68064,0.35477,0.00685,0.02994,0.53634,0.38796,0.41034,0.30357,0.5262,0.38165,0.39926,0.26471,1.32571,3.03472,2.32345,0.02053,0,0.00037036,0.00037036,0.00037036
320,30447.3,0.63531,0.77126,0.42399,0.00764,0.03269,0.57065,0.38106,0.40418,0.29902,0.56179,0.37437,0.39479,0.26334,1.31421,2.99391,2.3744,0.02002,0,0.00036838,0.00036838,0.00036838
321,30542.3,0.56556,0.65213,0.32302,0.00695,0.02959,0.58672,0.38035,0.40656,0.29937,0.58228,0.37797,0.39921,0.26659,1.31561,2.93226,2.41215,0.01996,0,0.0003664,0.0003664,0.0003664
322,30637.4,0.63011,0.80499,0.4406,0.00734,0.03722,0.6519,0.35718,0.41317,0.30276,0.64465,0.3542,0.40326,0.26205,1.32082,2.91952,2.41367,0.0202,0,0.00036442,0.00036442,0.00036442
323,30732.4,0.59387,0.67076,0.34665,0.0067,0.03073,0.55516,0.37609,0.40815,0.30023,0.54806,0.37151,0.39851,0.26316,1.29791,2.92725,2.41891,0.01951,0,0.00036244,0.00036244,0.00036244
324,30827.4,0.60223,0.78341,0.40307,0.00708,0.02871,0.57985,0.36525,0.41611,0.30557,0.47662,0.40484,0.40468,0.26155,1.31784,2.94689,2.36079,0.01952,0,0.00036046,0.00036046,0.00036046
325,30922.3,0.568,0.72337,0.40515,0.00663,0.03165,0.4983,0.42839,0.44545,0.32515,0.49353,0.42457,0.43557,0.27676,1.29424,2.90691,2.38055,0.0191,0,0.00035848,0.00035848,0.00035848
326,31017.4,0.56163,0.65804,0.35114,0.00662,0.02842,0.5442,0.39725,0.43672,0.31165,0.53863,0.39318,0.42851,0.26635,1.30911,2.9357,2.35202,0.01943,0,0.0003565,0.0003565,0.0003565
327,31112.5,0.57943,0.68128,0.38679,0.00705,0.03172,0.62532,0.36886,0.43353,0.31844,0.61961,0.36556,0.42645,0.26962,1.30398,3.05133,2.38275,0.01932,0,0.00035452,0.00035452,0.00035452
328,31207.6,0.593,0.73061,0.39782,0.00686,0.03223,0.56008,0.39596,0.41299,0.30979,0.64792,0.36665,0.40773,0.26335,1.31073,3.11875,2.41175,0.01983,0,0.00035254,0.00035254,0.00035254
329,31302.9,0.57513,0.67133,0.36765,0.00709,0.03028,0.65791,0.40315,0.44178,0.328,0.64242,0.38942,0.43126,0.27958,1.32045,3.10298,2.39151,0.01984,0,0.00035056,0.00035056,0.00035056
330,31398,0.56707,0.71737,0.35131,0.00639,0.02977,0.61183,0.40183,0.43288,0.32169,0.6008,0.38908,0.42421,0.27719,1.31035,3.08366,2.43892,0.01948,0,0.00034858,0.00034858,0.00034858
331,31493.3,0.56664,0.65572,0.34368,0.00706,0.03018,0.62034,0.36424,0.41019,0.30381,0.60753,0.35892,0.40306,0.26384,1.31754,3.06194,2.46798,0.01955,0,0.0003466,0.0003466,0.0003466
332,31588.9,0.57585,0.7245,0.40371,0.00682,0.03201,0.58716,0.3591,0.40783,0.3034,0.57723,0.35229,0.39985,0.26252,1.30866,2.9773,2.50426,0.01958,0,0.00034462,0.00034462,0.00034462
333,31683.9,0.55704,0.64173,0.352,0.00638,0.02898,0.57078,0.3526,0.41061,0.30184,0.56776,0.3506,0.40522,0.26189,1.3092,3.03657,2.45352,0.01968,0,0.00034264,0.00034264,0.00034264
334,31779,0.57143,0.66748,0.34777,0.00683,0.03049,0.58771,0.35008,0.41377,0.3006,0.58016,0.34751,0.40541,0.26219,1.31427,3.09081,2.41753,0.01951,0,0.00034066,0.00034066,0.00034066
335,31874.2,0.57559,0.65768,0.36514,0.00711,0.03134,0.55006,0.38072,0.41395,0.30672,0.60741,0.35209,0.40022,0.26411,1.29898,3.11384,2.37734,0.01931,0,0.00033868,0.00033868,0.00033868
336,31969.2,0.59541,0.70688,0.39506,0.00737,0.02909,0.48918,0.41129,0.41647,0.30963,0.48673,0.40943,0.41089,0.27119,1.30372,3.07486,2.38913,0.01939,0,0.0003367,0.0003367,0.0003367
337,32064.3,0.60163,0.71153,0.37416,0.00724,0.02998,0.56674,0.39942,0.42472,0.31499,0.54758,0.38124,0.40935,0.27248,1.3107,3.08127,2.37651,0.01961,0,0.00033472,0.00033472,0.00033472
338,32159.5,0.55075,0.67167,0.37943,0.00669,0.03329,0.54877,0.40035,0.43353,0.3203,0.54324,0.38917,0.42325,0.27718,1.29563,3.10125,2.40832,0.01937,0,0.00033274,0.00033274,0.00033274
339,32254.5,0.59172,0.68252,0.3772,0.00665,0.03109,0.5823,0.38048,0.43796,0.32107,0.61878,0.35485,0.41984,0.27826,1.30328,3.03026,2.38096,0.0197,0,0.00033076,0.00033076,0.00033076
340,32349.7,0.58939,0.69205,0.37953,0.00684,0.02907,0.57322,0.37988,0.43749,0.31936,0.56135,0.36554,0.41979,0.28113,1.29585,2.9892,2.39755,0.01947,0,0.00032878,0.00032878,0.00032878
341,32444.8,0.57101,0.63553,0.33172,0.00671,0.02586,0.52325,0.42633,0.44353,0.32643,0.50852,0.4191,0.43681,0.28353,1.2818,3.0312,2.41664,0.01944,0,0.0003268,0.0003268,0.0003268
342,32539.9,0.56719,0.69537,0.34142,0.00687,0.03048,0.61391,0.38014,0.43982,0.32032,0.6021,0.37315,0.43179,0.28011,1.29652,3.07254,2.35673,0.01948,0,0.00032482,0.00032482,0.00032482
343,32634.8,0.58287,0.70716,0.41698,0.00711,0.03292,0.57845,0.37412,0.4395,0.31752,0.52675,0.39454,0.42851,0.27964,1.28002,3.06318,2.32426,0.01925,0,0.00032284,0.00032284,0.00032284
344,32729.6,0.55332,0.68237,0.37328,0.00668,0.03172,0.56305,0.39654,0.44336,0.32824,0.55658,0.3924,0.4337,0.28485,1.29617,3.07258,2.27308,0.01963,0,0.00032086,0.00032086,0.00032086
345,32824.5,0.54097,0.73702,0.35899,0.00649,0.03043,0.60471,0.35792,0.41293,0.31135,0.59989,0.35581,0.40676,0.27211,1.28181,3.07846,2.26646,0.01924,0,0.00031888,0.00031888,0.00031888
346,32919.7,0.54065,0.63463,0.35852,0.00658,0.0282,0.47328,0.42048,0.4122,0.31031,0.47183,0.41739,0.40785,0.273,1.28104,3.03555,2.41549,0.01925,0,0.0003169,0.0003169,0.0003169
347,33014.9,0.5582,0.69791,0.35987,0.00653,0.03063,0.48357,0.40941,0.40491,0.29718,0.47899,0.40247,0.39785,0.25623,1.27446,3.03304,2.3824,0.01896,0,0.00031492,0.00031492,0.00031492
348,33109.9,0.51625,0.60993,0.30327,0.00637,0.02612,0.52546,0.40845,0.43655,0.31876,0.5232,0.40213,0.42753,0.27347,1.2783,3.0109,2.26654,0.01925,0,0.00031294,0.00031294,0.00031294
349,33204.8,0.5113,0.60402,0.29692,0.00645,0.02764,0.6267,0.3719,0.43883,0.32579,0.62595,0.36574,0.4301,0.28384,1.29003,3.11106,2.2572,0.01952,0,0.00031096,0.00031096,0.00031096
350,33299.8,0.54804,0.64755,0.33244,0.00674,0.02814,0.59768,0.36668,0.42464,0.3182,0.58865,0.36777,0.41775,0.28181,1.27407,3.10105,2.34055,0.01924,0,0.00030898,0.00030898,0.00030898
351,33394.7,0.53662,0.63458,0.32585,0.0062,0.02756,0.48908,0.40041,0.43095,0.32167,0.48803,0.39825,0.42391,0.283,1.27278,3.06883,2.3836,0.01916,0,0.000307,0.000307,0.000307
352,33489.7,0.56001,0.69204,0.33548,0.0067,0.02845,0.50603,0.39982,0.43356,0.32132,0.49923,0.39479,0.42762,0.28423,1.27046,3.02915,2.37339,0.01908,0,0.00030502,0.00030502,0.00030502
353,33584.5,0.55382,0.65932,0.36162,0.00671,0.02979,0.516,0.3871,0.40859,0.30579,0.51013,0.38433,0.40461,0.27027,1.27931,3.11764,2.35677,0.01922,0,0.00030304,0.00030304,0.00030304
354,33679.8,0.53312,0.61758,0.32302,0.00633,0.02653,0.56387,0.40593,0.42999,0.32146,0.55857,0.40216,0.42454,0.28173,1.28029,3.1896,2.35764,0.01913,0,0.00030106,0.00030106,0.00030106
355,33774.7,0.55217,0.66667,0.39909,0.00655,0.02852,0.63643,0.36499,0.42233,0.31835,0.61838,0.37301,0.419,0.27609,1.27897,3.16675,2.44886,0.01921,0,0.00029908,0.00029908,0.00029908
356,33869.7,0.59075,0.71444,0.41193,0.00677,0.03274,0.64403,0.35988,0.42469,0.31695,0.54935,0.37323,0.41735,0.26819,1.27752,3.16748,2.40233,0.01901,0,0.0002971,0.0002971,0.0002971
357,33964.6,0.5457,0.65779,0.34018,0.00623,0.02714,0.63233,0.36246,0.4232,0.30943,0.62022,0.35206,0.40948,0.26592,1.28038,3.17498,2.40296,0.019,0,0.00029512,0.00029512,0.00029512
358,34059.5,0.53837,0.61787,0.3341,0.00654,0.02805,0.62625,0.37679,0.42999,0.31221,0.61945,0.3726,0.42291,0.27403,1.28956,3.13904,2.40387,0.01926,0,0.00029314,0.00029314,0.00029314
359,34154.4,0.56159,0.62708,0.33844,0.00682,0.0283,0.58687,0.38987,0.41218,0.30113,0.58166,0.38621,0.40355,0.25787,1.27713,3.16241,2.43378,0.01881,0,0.00029116,0.00029116,0.00029116
360,34249.3,0.52335,0.62151,0.34813,0.0067,0.02683,0.57752,0.38465,0.39308,0.29088,0.57638,0.37849,0.3905,0.25237,1.29368,3.18559,2.41312,0.01938,0,0.00028918,0.00028918,0.00028918
361,34344.3,0.51648,0.68185,0.36365,0.00652,0.02712,0.59511,0.36394,0.40224,0.29803,0.59497,0.36512,0.40029,0.26164,1.27823,3.16176,2.39564,0.01931,0,0.0002872,0.0002872,0.0002872
362,34439.1,0.53473,0.62064,0.31449,0.00657,0.02616,0.60064,0.35774,0.4105,0.30718,0.60371,0.35933,0.40782,0.2625,1.29666,3.14671,2.37388,0.01968,0,0.00028522,0.00028522,0.00028522
363,34534.1,0.54334,0.63855,0.34373,0.00661,0.02735,0.53625,0.37801,0.41011,0.30987,0.539,0.37971,0.41024,0.26587,1.30364,3.16538,2.40467,0.0197,0,0.00028324,0.00028324,0.00028324
364,34628.9,0.54846,0.62239,0.32875,0.00653,0.02905,0.62084,0.36348,0.42085,0.31321,0.62222,0.36511,0.41976,0.27163,1.29466,3.16581,2.3932,0.01943,0,0.00028126,0.00028126,0.00028126
365,34724,0.52867,0.62009,0.33627,0.00627,0.02649,0.59507,0.36556,0.42004,0.3127,0.5967,0.36748,0.42068,0.26969,1.29309,3.13915,2.43917,0.0192,0,0.00027928,0.00027928,0.00027928
366,34819,0.54152,0.63477,0.34383,0.00629,0.0277,0.61567,0.37479,0.42249,0.31658,0.61331,0.37888,0.41865,0.27252,1.30992,3.12149,2.37036,0.01959,0,0.0002773,0.0002773,0.0002773
367,34913.8,0.5361,0.6611,0.36465,0.00636,0.02902,0.52743,0.40505,0.42161,0.31397,0.5285,0.40385,0.41937,0.2772,1.30328,3.13031,2.41536,0.01949,0,0.00027532,0.00027532,0.00027532
368,35008.7,0.521,0.60908,0.3408,0.00641,0.02872,0.59775,0.37382,0.42166,0.31612,0.5996,0.37423,0.42046,0.27673,1.29994,3.14753,2.39891,0.01965,0,0.00027334,0.00027334,0.00027334
369,35103.6,0.52021,0.6359,0.31312,0.00651,0.02748,0.58841,0.38358,0.4185,0.31213,0.58811,0.38422,0.41974,0.27403,1.30472,3.2194,2.42784,0.01951,0,0.00027136,0.00027136,0.00027136
370,35198.4,0.52631,0.62936,0.33795,0.00631,0.02649,0.67049,0.34507,0.41379,0.30665,0.67365,0.34724,0.41876,0.26535,1.2896,3.24458,2.46179,0.01919,0,0.00026938,0.00026938,0.00026938
371,35293.1,0.51117,0.60012,0.32894,0.00616,0.02612,0.61397,0.35754,0.39623,0.29225,0.61727,0.35991,0.39574,0.25168,1.29289,3.22788,2.5024,0.01911,0,0.0002674,0.0002674,0.0002674
372,35388.6,0.49183,0.60402,0.33499,0.00591,0.02578,0.56245,0.37557,0.40624,0.30046,0.56462,0.37825,0.40312,0.25979,1.28968,3.19857,2.47124,0.01918,0,0.00026542,0.00026542,0.00026542
373,35483.2,0.50542,0.58298,0.2937,0.00586,0.02667,0.57571,0.38148,0.40592,0.29995,0.57746,0.38285,0.40048,0.25805,1.2896,3.15828,2.44469,0.01902,0,0.00026344,0.00026344,0.00026344
374,35577.7,0.51343,0.6496,0.34514,0.00618,0.02792,0.5687,0.38169,0.40269,0.29866,0.56392,0.38247,0.40006,0.25776,1.29776,3.19309,2.43114,0.01929,0,0.00026146,0.00026146,0.00026146
375,35672.6,0.53748,0.62321,0.36818,0.00625,0.02828,0.61487,0.37257,0.39355,0.29105,0.61513,0.37285,0.38999,0.25079,1.28834,3.20675,2.48129,0.01935,0,0.00025948,0.00025948,0.00025948
376,35767.9,0.50981,0.61008,0.33605,0.00609,0.02711,0.57672,0.37927,0.39827,0.29186,0.57044,0.3749,0.39338,0.25146,1.29669,3.25228,2.48576,0.01956,0,0.0002575,0.0002575,0.0002575
377,35862.9,0.52708,0.60906,0.34723,0.00628,0.02675,0.56885,0.38602,0.40604,0.29818,0.5582,0.38998,0.4004,0.26165,1.29176,3.28137,2.42444,0.01966,0,0.00025552,0.00025552,0.00025552
378,35957.8,0.53039,0.65026,0.34523,0.00597,0.03106,0.63848,0.36525,0.40797,0.30773,0.55593,0.39417,0.40395,0.26118,1.29337,3.24505,2.3753,0.01958,0,0.00025354,0.00025354,0.00025354
379,36053,0.50282,0.60066,0.30666,0.00617,0.02484,0.64231,0.37491,0.4326,0.32446,0.64386,0.3759,0.43258,0.27956,1.28501,3.26798,2.3512,0.01941,0,0.00025156,0.00025156,0.00025156
380,36147.7,0.52282,0.62884,0.33544,0.00594,0.02791,0.55556,0.39943,0.40761,0.30109,0.54947,0.39453,0.40124,0.25871,1.28619,3.29915,2.46882,0.01932,0,0.00024958,0.00024958,0.00024958
381,36242.7,0.5415,0.59379,0.34671,0.00639,0.02767,0.58621,0.40967,0.44284,0.31457,0.57344,0.4006,0.42932,0.27528,1.3125,3.30248,2.43175,0.01992,0,0.0002476,0.0002476,0.0002476
382,36337.5,0.53319,0.63132,0.36317,0.00623,0.02683,0.59366,0.41988,0.43595,0.3168,0.63988,0.37459,0.42414,0.27506,1.30835,3.25674,2.42419,0.01974,0,0.00024562,0.00024562,0.00024562
383,36432.4,0.47907,0.59482,0.27491,0.00558,0.02376,0.62992,0.38411,0.44727,0.32945,0.62235,0.37967,0.44035,0.28902,1.30794,3.23048,2.35209,0.02001,0,0.00024364,0.00024364,0.00024364
384,36527.3,0.4949,0.58114,0.3183,0.00574,0.0264,0.61506,0.37367,0.43959,0.32869,0.61498,0.36551,0.43522,0.28506,1.30876,3.20439,2.38679,0.02023,0,0.00024166,0.00024166,0.00024166
385,36622.2,0.52597,0.66851,0.37065,0.00635,0.02716,0.65721,0.37585,0.44048,0.32811,0.65735,0.37724,0.43533,0.28327,1.2947,3.21612,2.37738,0.0199,0,0.00023968,0.00023968,0.00023968
386,36716.9,0.50938,0.61487,0.30894,0.00601,0.02357,0.60532,0.39115,0.42848,0.31768,0.6091,0.38869,0.42205,0.27134,1.31121,3.25914,2.38129,0.02021,0,0.0002377,0.0002377,0.0002377
387,36811.9,0.49057,0.55688,0.28739,0.00619,0.02629,0.62831,0.36258,0.43451,0.32627,0.58113,0.38357,0.43157,0.27999,1.31692,3.2899,2.31028,0.02041,0,0.00023572,0.00023572,0.00023572
388,36906.5,0.52746,0.61023,0.33617,0.00608,0.02767,0.5708,0.39717,0.41541,0.31057,0.54257,0.40039,0.41088,0.26603,1.30269,3.28466,2.35366,0.02013,0,0.00023374,0.00023374,0.00023374
389,37001.3,0.47194,0.5797,0.30365,0.00565,0.0256,0.50421,0.41248,0.41706,0.31464,0.5077,0.41294,0.41329,0.26945,1.3031,3.2721,2.33252,0.02006,0,0.00023176,0.00023176,0.00023176
390,37096.3,0.53394,0.65595,0.38202,0.00641,0.02988,0.52499,0.41501,0.41409,0.31013,0.5258,0.411,0.403,0.26653,1.30794,3.22887,2.32753,0.0201,0,0.00022978,0.00022978,0.00022978
391,37191.3,0.52002,0.5692,0.31203,0.00613,0.02701,0.6259,0.38434,0.4357,0.32493,0.6176,0.38167,0.42544,0.27975,1.2957,3.24011,2.32326,0.01966,0,0.0002278,0.0002278,0.0002278
392,37286.1,0.50667,0.59183,0.31727,0.0058,0.026,0.58276,0.38562,0.4167,0.31436,0.57206,0.39279,0.41296,0.26835,1.3025,3.22226,2.33705,0.02003,0,0.00022582,0.00022582,0.00022582
393,37381.1,0.4906,0.54953,0.29743,0.00589,0.02479,0.65855,0.37098,0.41407,0.30698,0.65493,0.36839,0.40808,0.26922,1.29194,3.21282,2.35254,0.0199,0,0.00022384,0.00022384,0.00022384
394,37475.9,0.52299,0.62641,0.34933,0.00631,0.02634,0.624,0.35489,0.41527,0.31079,0.61934,0.35198,0.40953,0.2717,1.29842,3.25822,2.34154,0.01997,0,0.00022186,0.00022186,0.00022186
395,37570.6,0.5074,0.62745,0.33288,0.00584,0.02627,0.64295,0.35575,0.4129,0.31148,0.64003,0.35342,0.40756,0.27166,1.30822,3.25625,2.35258,0.02012,0,0.00021988,0.00021988,0.00021988
396,37665.2,0.51679,0.6493,0.31207,0.0061,0.0269,0.65198,0.3475,0.4166,0.31287,0.63769,0.34377,0.40603,0.2711,1.29534,3.21618,2.37678,0.01968,0,0.0002179,0.0002179,0.0002179
397,37760.1,0.4948,0.59371,0.29054,0.00604,0.0249,0.63701,0.35332,0.41542,0.31143,0.6298,0.35058,0.4053,0.26976,1.29574,3.21831,2.40345,0.01959,0,0.00021592,0.00021592,0.00021592
398,37855.3,0.50147,0.5859,0.30374,0.0062,0.02532,0.50417,0.41634,0.41549,0.31141,0.5056,0.41793,0.4097,0.27291,1.30763,3.2389,2.40342,0.01995,0,0.00021394,0.00021394,0.00021394
399,37949.8,0.51991,0.60741,0.34129,0.00594,0.02826,0.50905,0.4091,0.40753,0.31103,0.50504,0.40386,0.40048,0.26756,1.29894,3.24305,2.43651,0.02002,0,0.00021196,0.00021196,0.00021196
400,38044.8,0.52353,0.61962,0.35836,0.00619,0.02691,0.58989,0.40376,0.4051,0.30591,0.58527,0.40083,0.399,0.26741,1.29803,3.29427,2.48515,0.01987,0,0.00020998,0.00020998,0.00020998
401,38139.4,0.48026,0.60646,0.31388,0.00563,0.02563,0.57623,0.40184,0.39853,0.29948,0.57326,0.399,0.39112,0.26402,1.28622,3.33235,2.47796,0.01957,0,0.000208,0.000208,0.000208
402,38234.4,0.49801,0.5826,0.30549,0.00597,0.02795,0.5408,0.40479,0.41159,0.31083,0.53561,0.39943,0.40238,0.26781,1.28224,3.34774,2.46304,0.01936,0,0.00020602,0.00020602,0.00020602
403,38329.4,0.52268,0.6257,0.34564,0.00618,0.02684,0.6059,0.37468,0.40821,0.3108,0.60166,0.372,0.40143,0.27113,1.28307,3.3522,2.43634,0.01936,0,0.00020404,0.00020404,0.00020404
404,38424.2,0.47713,0.57325,0.30244,0.00592,0.02664,0.56791,0.41976,0.4366,0.32496,0.56447,0.4154,0.42782,0.28453,1.27868,3.30287,2.40995,0.01921,0,0.00020206,0.00020206,0.00020206
405,38519,0.49555,0.57256,0.30696,0.00588,0.02615,0.5624,0.40343,0.44228,0.3256,0.55804,0.40003,0.43265,0.28517,1.28443,3.32251,2.3855,0.01952,0,0.00020008,0.00020008,0.00020008
406,38613.7,0.47891,0.57507,0.28521,0.00588,0.02444,0.61907,0.37111,0.40599,0.30596,0.61467,0.36854,0.39836,0.26814,1.28302,3.34433,2.39094,0.01957,0,0.0001981,0.0001981,0.0001981
407,38708.4,0.4775,0.60693,0.30286,0.00583,0.02538,0.5409,0.40119,0.40557,0.3065,0.53571,0.39622,0.40052,0.26712,1.29573,3.35813,2.35792,0.01967,0,0.00019612,0.00019612,0.00019612
408,38803.3,0.51653,0.63215,0.34142,0.00555,0.02621,0.64328,0.36826,0.40742,0.30597,0.63879,0.3658,0.40148,0.26602,1.29058,3.40427,2.36226,0.01962,0,0.00019414,0.00019414,0.00019414
409,38898.2,0.47596,0.62888,0.3251,0.00554,0.02663,0.5729,0.39512,0.40847,0.30906,0.56062,0.38683,0.3975,0.26918,1.29084,3.39545,2.34968,0.01973,0,0.00019216,0.00019216,0.00019216
410,38993,0.49155,0.57981,0.31059,0.00559,0.02368,0.63373,0.36874,0.41175,0.31069,0.62175,0.36167,0.40176,0.26838,1.29375,3.37917,2.37078,0.01976,0,0.00019018,0.00019018,0.00019018
411,39087.9,0.48379,0.59927,0.3075,0.00595,0.02492,0.64515,0.35031,0.41093,0.30943,0.6323,0.34331,0.39792,0.26454,1.28445,3.33331,2.41837,0.01931,0,0.0001882,0.0001882,0.0001882
412,39182.7,0.491,0.61162,0.32086,0.00596,0.02595,0.60941,0.36493,0.41157,0.3098,0.59814,0.35829,0.4048,0.26626,1.2865,3.31175,2.40228,0.01943,0,0.00018622,0.00018622,0.00018622
413,39277.6,0.48255,0.58525,0.31074,0.0055,0.0263,0.57692,0.3766,0.40525,0.30247,0.56602,0.3692,0.39403,0.26415,1.28955,3.32856,2.43352,0.01934,0,0.00018424,0.00018424,0.00018424
414,39372.7,0.48264,0.57674,0.31434,0.00602,0.02651,0.61427,0.35697,0.40876,0.3071,0.61051,0.35503,0.40055,0.26266,1.29579,3.33394,2.43795,0.01956,0,0.00018226,0.00018226,0.00018226
415,39467.3,0.49261,0.59859,0.30631,0.00587,0.02416,0.61573,0.3569,0.40991,0.3079,0.61123,0.35501,0.40515,0.26696,1.28115,3.3363,2.43874,0.01947,0,0.00018028,0.00018028,0.00018028
416,39563.1,0.50785,0.66553,0.39255,0.00607,0.02863,0.63982,0.36283,0.40833,0.30511,0.63553,0.36059,0.40306,0.26527,1.29667,3.30209,2.3621,0.01953,0,0.0001783,0.0001783,0.0001783
417,39657.9,0.47448,0.56874,0.2945,0.00568,0.02597,0.61327,0.36867,0.41091,0.31185,0.60879,0.36626,0.40502,0.26863,1.27649,3.28342,2.32348,0.01921,0,0.00017632,0.00017632,0.00017632
418,39752.7,0.49188,0.65727,0.30975,0.00566,0.02612,0.6071,0.37288,0.41086,0.31011,0.60214,0.36991,0.40575,0.26707,1.28266,3.30395,2.27365,0.01929,0,0.00017434,0.00017434,0.00017434
419,39847.5,0.51717,0.62977,0.33213,0.00534,0.02672,0.60895,0.37644,0.40721,0.30937,0.60353,0.37347,0.40477,0.26681,1.28914,3.26616,2.32881,0.01934,0,0.00017236,0.00017236,0.00017236
420,39942.2,0.49123,0.60509,0.32913,0.0055,0.02843,0.6446,0.36256,0.41111,0.3114,0.63955,0.36024,0.40686,0.2686,1.28635,3.28818,2.32833,0.0194,0,0.00017038,0.00017038,0.00017038
421,40036.8,0.50336,0.59242,0.32591,0.0059,0.02419,0.60805,0.3694,0.41385,0.31224,0.60261,0.36646,0.40646,0.26885,1.30614,3.34526,2.35272,0.01989,0,0.0001684,0.0001684,0.0001684
422,40131.6,0.49978,0.62689,0.34118,0.00603,0.0274,0.59578,0.37998,0.4095,0.31018,0.59086,0.37689,0.40168,0.26696,1.27578,3.33304,2.39255,0.01933,0,0.00016642,0.00016642,0.00016642
423,40226.4,0.47713,0.54444,0.29225,0.00547,0.02391,0.58917,0.38291,0.41188,0.31234,0.58422,0.37994,0.40323,0.26587,1.27674,3.35022,2.39584,0.0193,0,0.00016444,0.00016444,0.00016444
424,40321,0.46024,0.60219,0.30421,0.00526,0.02434,0.61097,0.37606,0.40983,0.31536,0.60576,0.37328,0.40051,0.26794,1.27487,3.38806,2.41183,0.01914,0,0.00016246,0.00016246,0.00016246
425,40415.8,0.46224,0.54983,0.28905,0.0052,0.02271,0.60508,0.37635,0.40145,0.30851,0.60016,0.3732,0.39467,0.26166,1.28733,3.39191,2.40518,0.01931,0,0.00016048,0.00016048,0.00016048
426,40510.4,0.49611,0.60157,0.30238,0.00532,0.02343,0.62264,0.36395,0.39804,0.30646,0.61704,0.361,0.39344,0.26251,1.28033,3.35257,2.40036,0.01925,0,0.0001585,0.0001585,0.0001585
427,40604.9,0.47118,0.57905,0.28786,0.00531,0.02715,0.63288,0.36504,0.40094,0.30632,0.63126,0.36545,0.39836,0.25879,1.28715,3.28464,2.33817,0.01942,0,0.00015652,0.00015652,0.00015652
428,40699.4,0.47373,0.57637,0.29968,0.00513,0.02671,0.61021,0.36591,0.40374,0.30746,0.54854,0.39573,0.40235,0.26281,1.28954,3.30756,2.34777,0.01951,0,0.00015454,0.00015454,0.00015454
429,40794.2,0.48432,0.58878,0.32331,0.00525,0.0251,0.58291,0.39446,0.40142,0.30303,0.54503,0.39128,0.39607,0.25815,1.2969,3.36119,2.32953,0.01986,0,0.00015256,0.00015256,0.00015256
430,40889,0.4615,0.5927,0.30818,0.00538,0.02526,0.61304,0.36585,0.40497,0.30944,0.51773,0.40077,0.40078,0.26262,1.30522,3.37628,2.25698,0.01988,0,0.00015058,0.00015058,0.00015058
431,40983.6,0.48139,0.60488,0.32145,0.00576,0.02593,0.6181,0.36199,0.40675,0.3097,0.55922,0.38008,0.39711,0.26354,1.30077,3.37555,2.28648,0.01978,0,0.0001486,0.0001486,0.0001486
432,41078.5,0.44569,0.55419,0.27908,0.00559,0.02311,0.55627,0.40566,0.41148,0.31023,0.54549,0.39795,0.39777,0.2618,1.27486,3.31865,2.33199,0.01922,0,0.00014662,0.00014662,0.00014662
433,41173.3,0.44681,0.51502,0.26483,0.00539,0.02376,0.57045,0.37664,0.41157,0.31333,0.55909,0.36997,0.40311,0.26818,1.26616,3.3143,2.36926,0.01901,0,0.00014464,0.00014464,0.00014464
434,41268.1,0.48236,0.61395,0.31394,0.00519,0.02707,0.57103,0.37383,0.4047,0.30701,0.55974,0.36645,0.39625,0.26369,1.2821,3.28655,2.41455,0.01903,0,0.00014266,0.00014266,0.00014266
435,41362.9,0.46133,0.57944,0.28581,0.00558,0.02453,0.58495,0.37479,0.41098,0.31112,0.46181,0.40763,0.4039,0.26672,1.29106,3.34102,2.38278,0.01917,0,0.00014068,0.00014068,0.00014068
436,41457.6,0.45496,0.54886,0.30311,0.00533,0.02515,0.62012,0.3671,0.41062,0.30982,0.60984,0.36183,0.40547,0.26816,1.28865,3.28065,2.40463,0.01916,0,0.0001387,0.0001387,0.0001387
437,41552.3,0.47149,0.58706,0.3202,0.00572,0.02586,0.55083,0.39925,0.41474,0.31195,0.54858,0.39543,0.40717,0.26853,1.29434,3.2938,2.37943,0.0191,0,0.00013672,0.00013672,0.00013672
438,41647,0.49122,0.6553,0.34547,0.0051,0.02754,0.52519,0.41092,0.41558,0.31607,0.52134,0.41278,0.4118,0.26999,1.2931,3.31664,2.36168,0.01926,0,0.00013474,0.00013474,0.00013474
439,41741.4,0.4476,0.58886,0.28609,0.00504,0.02441,0.53591,0.43222,0.42314,0.31873,0.53385,0.42825,0.41746,0.27474,1.2914,3.32061,2.36853,0.01925,0,0.00013276,0.00013276,0.00013276
440,41836.1,0.49164,0.61795,0.31529,0.00529,0.0261,0.51146,0.43285,0.42071,0.31684,0.55617,0.4214,0.41508,0.27244,1.29578,3.34044,2.38495,0.0194,0,0.00013078,0.00013078,0.00013078
441,41930.7,0.42585,0.5106,0.27403,0.00543,0.02293,0.57667,0.42596,0.42413,0.32153,0.57557,0.42628,0.41732,0.27037,1.29043,3.3446,2.38126,0.01936,0,0.0001288,0.0001288,0.0001288
442,42025.6,0.45696,0.59808,0.3307,0.00544,0.02669,0.6255,0.38839,0.41986,0.31986,0.56683,0.41951,0.41599,0.27588,1.28464,3.32689,2.34862,0.01907,0,0.00012682,0.00012682,0.00012682
443,42120.5,0.454,0.54957,0.29463,0.00529,0.0269,0.56955,0.41982,0.41486,0.31459,0.56004,0.41978,0.4096,0.27149,1.29314,3.30541,2.30325,0.0192,0,0.00012484,0.00012484,0.00012484
444,42215,0.46395,0.58332,0.32016,0.00537,0.02958,0.54712,0.42129,0.41956,0.31638,0.54202,0.41091,0.41398,0.27227,1.29123,3.23997,2.35416,0.01917,0,0.00012286,0.00012286,0.00012286
445,42309.9,0.45827,0.59635,0.28741,0.0053,0.0231,0.57516,0.42113,0.42134,0.31798,0.56715,0.41107,0.4132,0.27095,1.29132,3.25283,2.35879,0.01904,0,0.00012088,0.00012088,0.00012088
446,42404.7,0.47728,0.59035,0.34184,0.00557,0.02425,0.53817,0.40695,0.41793,0.3146,0.52957,0.3977,0.4111,0.27146,1.28934,3.30009,2.3503,0.01909,0,0.0001189,0.0001189,0.0001189
447,42499.4,0.48614,0.59233,0.33658,0.00567,0.02788,0.55012,0.40488,0.40708,0.30669,0.54964,0.3868,0.39791,0.26381,1.28821,3.30566,2.35127,0.01905,0,0.00011692,0.00011692,0.00011692
448,42594.2,0.44868,0.5725,0.30123,0.00519,0.02387,0.52388,0.40236,0.40984,0.31193,0.51741,0.40087,0.40432,0.26961,1.29771,3.34565,2.33586,0.01918,0,0.00011494,0.00011494,0.00011494
449,42689.1,0.46235,0.58353,0.31989,0.0053,0.02507,0.60774,0.37637,0.4049,0.30662,0.59586,0.3681,0.39169,0.26286,1.29672,3.37728,2.33762,0.01911,0,0.00011296,0.00011296,0.00011296
450,42783.7,0.44602,0.57729,0.30048,0.00546,0.024,0.54269,0.41404,0.43051,0.32579,0.52713,0.40073,0.41878,0.28117,1.28103,3.42161,2.39309,0.01895,0,0.00011098,0.00011098,0.00011098
451,42878.3,0.44021,0.5299,0.27089,0.00533,0.02674,0.58031,0.4138,0.4385,0.32583,0.5646,0.40119,0.42614,0.28612,1.28696,3.41393,2.38271,0.01913,0,0.000109,0.000109,0.000109
452,42973,0.46514,0.57036,0.30458,0.00526,0.0259,0.56239,0.4174,0.43434,0.32298,0.54959,0.40796,0.42562,0.28334,1.27553,3.40776,2.36878,0.01899,0,0.00010702,0.00010702,0.00010702
453,43067.9,0.462,0.59543,0.31522,0.00511,0.02624,0.52447,0.41962,0.43016,0.32141,0.51918,0.41415,0.42534,0.28165,1.28317,3.398,2.38572,0.01893,0,0.00010504,0.00010504,0.00010504
